Workbook

Sheet Rótulos
A1: Necessidade de rótulos – consolidado
A2: B2C = Loja (aba Plano de Produção). B2B = remessas de refil do relatório smartjvg (05/01/2026 a 07/10/2026), por fragrância × concentração × volume. Amarelo = tamanho a definir.
A4: Fragrância | B4: Concentração | C4: Volume (ml) | D4: Frasco | E4: Formato | F4: B2B ou B2C | G4: Quantidades | H4: Tipo Rotulo | I4: Tamanho
A5: Acqua di Gio | B5: Aromatizador de Ambientes | C5: 15 | D5: Pet cristal / válvula spray prata 18/410 | E5: Mini Aromatizador | F5: B2C | G5: 200 | H5: Transparente | I5: 6,5 x 5 cm
A6: Acqua di Gio | B6: Perfume para Ambientes | C6: 250 | D6: Vidro square cristal / tampa difusora prata 28/410 + batoque + varetas | E6: Perfume de Ambientes – Kit Varetas | F6: B2C | G6: 18 | H6: Transparente | I6: 5 x 10 cm (frente e verso)
A7: Acqua di Gio | B7: Perfume para Ambientes | C7: 250 | D7: Pet cilindrico ambar / tampa lacre | E7: Perfume de Ambientes – Refil PET | F7: B2C | G7: 12 | H7: Vinil ou Bopp | I7: 18 x 6,5 cm
A8: Acqua di Gio | B8: Perfume para Ambientes | C8: 250 | D8: Vidro square cristal / válvula spray prata 28/410 | E8: Perfume de Ambientes – Válvula Spray | F8: B2C | G8: 18 | H8: Transparente | I8: 5 x 10 cm (frente e verso)
A9: Alecrim | B9: Fragrância Concentrada | C9: 160 | D9: Pet cilindrico ambar / tampa lacre | E9: Fragrância Concentrada | F9: B2B | G9: 29 | H9: Vinil ou Bopp
A10: Alecrim | B10: Fragrância Concentrada | C10: 400 | D10: Pet cilindrico ambar / tampa lacre | E10: Fragrância Concentrada | F10: B2B | G10: 55 | H10: Vinil ou Bopp | I10: 22 x 8 cm
A11: Alecrim | B11: Fragrância Concentrada | C11: 1000 | D11: Pet cilindrico ambar / tampa lacre | E11: Fragrância Concentrada | F11: B2B | G11: 21 | H11: Vinil ou Bopp | I11: 28 x 10,5 cm
A12: Alecrim | B12: Fragrância Concentrada | C12: 5000 | D12: Pet cilindrico ambar / tampa lacre | E12: Fragrância Concentrada | F12: B2B | G12: 28 | H12: Vinil ou Bopp
A13: Alecrim | B13: Fragrância Ultra Concentrada | C13: 100 | D13: Pet cilindrico ambar / tampa lacre | E13: Fragrância Ultra Concentrada | F13: B2B | G13: 19 | H13: Vinil ou Bopp | I13: 13 x 5 cm
A14: Alecrim | B14: Fragrância Ultra Concentrada | C14: 500 | D14: Pet cilindrico ambar / tampa lacre | E14: Fragrância Ultra Concentrada | F14: B2B | G14: 76 | H14: Vinil ou Bopp | I14: 22 x 8 cm
A15: Alecrim | B15: Aromatizador de Ambientes | C15: 15 | D15: Pet cristal / válvula spray prata 18/410 | E15: Mini Aromatizador | F15: B2C | G15: 100 | H15: Transparente | I15: 6,5 x 5 cm
A16: Alecrim | B16: Aromatizador de Ambientes | C16: 500 | D16: Pet cilindrico ambar / tampa lacre | E16: Aromatizador (Refil) | F16: B2C | G16: 10 | H16: Vinil ou Bopp | I16: 22 x 8 cm
A17: Alecrim | B17: Fragrância Concentrada | C17: 15 | D17: Pet cristal / válvula spray prata 18/410 | E17: Fragrância Concentrada (Refil Equipamento) | F17: B2C | G17: 100 | H17: Transparente | I17: 6,5 x 5 cm
A18: Alecrim | B18: Fragrância Concentrada | C18: 100 | D18: Pet cilindrico ambar / tampa lacre | E18: Fragrância Concentrada (Refil Equipamento) | F18: B2C | G18: 30 | H18: Vinil ou Bopp | I18: 13 x 5 cm
A19: Alecrim | B19: Perfume para Ambientes | C19: 250 | D19: Vidro square cristal / tampa difusora prata 28/410 + batoque + varetas | E19: Perfume de Ambientes – Kit Varetas | F19: B2C | G19: 8 | H19: Transparente | I19: 5 x 10 cm (frente e verso)
A20: Alecrim | B20: Perfume para Ambientes | C20: 250 | D20: Pet cilindrico ambar / tampa lacre | E20: Perfume de Ambientes – Refil PET | F20: B2C | G20: 2 | H20: Vinil ou Bopp | I20: 18 x 6,5 cm
A21: Alecrim | B21: Perfume para Ambientes | C21: 250 | D21: Vidro square cristal / válvula spray prata 28/410 | E21: Perfume de Ambientes – Válvula Spray | F21: B2C | G21: 8 | H21: Transparente | I21: 5 x 10 cm (frente e verso)
A22: Alecrim Sence | B22: Fragrância Concentrada | C22: 400 | D22: Pet cilindrico ambar / tampa lacre | E22: Fragrância Concentrada | F22: B2B | G22: 4 | H22: Vinil ou Bopp | I22: 22 x 8 cm
A23: Alecrim Sence | B23: Fragrância Concentrada | C23: 1000 | D23: Pet cilindrico ambar / tampa lacre | E23: Fragrância Concentrada | F23: B2B | G23: 15 | H23: Vinil ou Bopp | I23: 28 x 10,5 cm
A24: Alecrim Sence | B24: Fragrância Concentrada | C24: 5000 | D24: Pet cilindrico ambar / tampa lacre | E24: Fragrância Concentrada | F24: B2B | G24: 8 | H24: Vinil ou Bopp
A25: Bamboo | B25: Fragrância Concentrada | C25: 400 | D25: Pet cilindrico ambar / tampa lacre | E25: Fragrância Concentrada | F25: B2B | G25: 14 | H25: Vinil ou Bopp | I25: 22 x 8 cm
A26: Bamboo | B26: Fragrância Concentrada | C26: 1000 | D26: Pet cilindrico ambar / tampa lacre | E26: Fragrância Concentrada | F26: B2B | G26: 6 | H26: Vinil ou Bopp | I26: 28 x 10,5 cm
A27: Bamboo | B27: Fragrância Ultra Concentrada | C27: 100 | D27: Pet cilindrico ambar / tampa lacre | E27: Fragrância Ultra Concentrada | F27: B2B | G27: 37 | H27: Vinil ou Bopp | I27: 13 x 5 cm
A28: Bamboo | B28: Fragrância Ultra Concentrada | C28: 500 | D28: Pet cilindrico ambar / tampa lacre | E28: Fragrância Ultra Concentrada | F28: B2B | G28: 43 | H28: Vinil ou Bopp | I28: 22 x 8 cm
A29: Bamboo | B29: Fragrância Ultra Concentrada | C29: 1000 | D29: Pet cilindrico ambar / tampa lacre | E29: Fragrância Ultra Concentrada | F29: B2B | G29: 4 | H29: Vinil ou Bopp | I29: 28 x 10,5 cm
A30: Bamboo | B30: Perfume para Ambientes | C30: 250 | D30: Pet cilindrico ambar / tampa lacre | E30: Perfume para Ambientes | F30: B2B | G30: 36 | H30: Vinil ou Bopp | I30: 18 x 6,5 cm
A31: Bamboo | B31: Aromatizador de Ambientes | C31: 15 | D31: Pet cristal / válvula spray prata 18/410 | E31: Mini Aromatizador | F31: B2C | G31: 100 | H31: Transparente | I31: 6,5 x 5 cm
A32: Bamboo | B32: Aromatizador de Ambientes | C32: 500 | D32: Pet cilindrico ambar / tampa lacre | E32: Aromatizador (Refil) | F32: B2C | G32: 10 | H32: Vinil ou Bopp | I32: 22 x 8 cm
A33: Bamboo | B33: Fragrância Concentrada | C33: 15 | D33: Pet cristal / válvula spray prata 18/410 | E33: Fragrância Concentrada (Refil Equipamento) | F33: B2C | G33: 100 | H33: Transparente | I33: 6,5 x 5 cm
A34: Bamboo | B34: Fragrância Concentrada | C34: 100 | D34: Pet cilindrico ambar / tampa lacre | E34: Fragrância Concentrada (Refil Equipamento) | F34: B2C | G34: 30 | H34: Vinil ou Bopp | I34: 13 x 5 cm
A35: Bamboo | B35: Perfume para Ambientes | C35: 250 | D35: Vidro square cristal / tampa difusora prata 28/410 + batoque + varetas | E35: Perfume de Ambientes – Kit Varetas | F35: B2C | G35: 8 | H35: Transparente | I35: 5 x 10 cm (frente e verso)
A36: Bamboo | B36: Perfume para Ambientes | C36: 250 | D36: Pet cilindrico ambar / tampa lacre | E36: Perfume de Ambientes – Refil PET | F36: B2C | G36: 2 | H36: Vinil ou Bopp | I36: 18 x 6,5 cm
... A62: Citric Bath | B62: Fragrância Concentrada | C62: 1000 | D62: Pet cilindrico ambar / tampa lacre | E62: Fragrância Concentrada | F62: B2B | G62: 18 | H62: Vinil ou Bopp | I62: 28 x 10,5 cm
A63: Citric Bath | B63: Fragrância Concentrada | C63: 5000 | D63: Pet cilindrico ambar / tampa lacre | E63: Fragrância Concentrada | F63: B2B | G63: 8 | H63: Vinil ou Bopp
A64: Citrus Flowers | B64: Fragrância Concentrada | C64: 400 | D64: Pet cilindrico ambar / tampa lacre | E64: Fragrância Concentrada | F64: B2B | G64: 24 | H64: Vinil ou Bopp | I64: 22 x 8 cm
A65: Citrus Flowers | B65: Fragrância Concentrada | C65: 1000 | D65: Pet cilindrico ambar / tampa lacre | E65: Fragrância Concentrada | F65: B2B | G65: 8 | H65: Vinil ou Bopp | I65: 28 x 10,5 cm
A66: Citrus Flowers | B66: Fragrância Ultra Concentrada | C66: 100 | D66: Pet cilindrico ambar / tampa lacre | E66: Fragrância Ultra Concentrada | F66: B2B | G66: 16 | H66: Vinil ou Bopp | I66: 13 x 5 cm
A67: Citrus Flowers | B67: Fragrância Ultra Concentrada | C67: 500 | D67: Pet cilindrico ambar / tampa lacre | E67: Fragrância Ultra Concentrada | F67: B2B | G67: 13 | H67: Vinil ou Bopp | I67: 22 x 8 cm
A68: Citrus Flowers | B68: Perfume para Ambientes | C68: 500 | D68: Pet cilindrico ambar / tampa lacre | E68: Perfume para Ambientes | F68: B2B | G68: 16 | H68: Vinil ou Bopp | I68: 22 x 8 cm
A69: Cookies & Coffee | B69: Fragrância Concentrada | C69: 400 | D69: Pet cilindrico ambar / tampa lacre | E69: Fragrância Concentrada | F69: B2B | G69: 18 | H69: Vinil ou Bopp | I69: 22 x 8 cm
A70: Delina | B70: Aromatizador de Ambientes | C70: 15 | D70: Pet cristal / válvula spray prata 18/410 | E70: Mini Aromatizador | F70: B2C | G70: 200 | H70: Transparente | I70: 6,5 x 5 cm
A71: Delina | B71: Perfume para Ambientes | C71: 250 | D71: Vidro square cristal / tampa difusora prata 28/410 + batoque + varetas | E71: Perfume de Ambientes – Kit Varetas | F71: B2C | G71: 18 | H71: Transparente | I71: 5 x 10 cm (frente e verso)
A72: Delina | B72: Perfume para Ambientes | C72: 250 | D72: Pet cilindrico ambar / tampa lacre | E72: Perfume de Ambientes – Refil PET | F72: B2C | G72: 12 | H72: Vinil ou Bopp | I72: 18 x 6,5 cm
A73: Delina | B73: Perfume para Ambientes | C73: 250 | D73: Vidro square cristal / válvula spray prata 28/410 | E73: Perfume de Ambientes – Válvula Spray | F73: B2C | G73: 18 | H73: Transparente | I73: 5 x 10 cm (frente e verso)
A74: Doce Alecrim | B74: Fragrância Concentrada | C74: 400 | D74: Pet cilindrico ambar / tampa lacre | E74: Fragrância Concentrada | F74: B2B | G74: 31 | H74: Vinil ou Bopp | I74: 22 x 8 cm
A75: Doce Alecrim | B75: Fragrância Ultra Concentrada | C75: 100 | D75: Pet cilindrico ambar / tampa lacre | E75: Fragrância Ultra Concentrada | F75: B2B | G75: 3 | H75: Vinil ou Bopp | I75: 13 x 5 cm
... A93: Flor de Cerejeira | B93: Perfume para Ambientes | C93: 250 | D93: Vidro square cristal / válvula spray prata 28/410 | E93: Perfume de Ambientes – Válvula Spray | F93: B2C | G93: 18 | H93: Transparente | I93: 5 x 10 cm (frente e verso)
A94: Flor de Figo | B94: Fragrância Concentrada | C94: 160 | D94: Pet cilindrico ambar / tampa lacre | E94: Fragrância Concentrada | F94: B2B | G94: 3 | H94: Vinil ou Bopp
A95: Flor de Figo | B95: Fragrância Concentrada | C95: 400 | D95: Pet cilindrico ambar / tampa lacre | E95: Fragrância Concentrada | F95: B2B | G95: 16 | H95: Vinil ou Bopp | I95: 22 x 8 cm
A96: Flor de Figo | B96: Fragrância Ultra Concentrada | C96: 100 | D96: Pet cilindrico ambar / tampa lacre | E96: Fragrância Ultra Concentrada | F96: B2B | G96: 10 | H96: Vinil ou Bopp | I96: 13 x 5 cm
A97: Flor de Figo | B97: Fragrância Ultra Concentrada | C97: 500 | D97: Pet cilindrico ambar / tampa lacre | E97: Fragrância Ultra Concentrada | F97: B2B | G97: 43 | H97: Vinil ou Bopp | I97: 22 x 8 cm
A98: Flor de Figo | B98: Perfume para Ambientes | C98: 150 | D98: Pet cilindrico ambar / tampa lacre | E98: Perfume para Ambientes | F98: B2B | G98: 4 | H98: Vinil ou Bopp | I98: 18 x 6,5 cm
A99: Flor de Madeira | B99: Fragrância Ultra Concentrada | C99: 500 | D99: Pet cilindrico ambar / tampa lacre | E99: Fragrância Ultra Concentrada | F99: B2B | G99: 36 | H99: Vinil ou Bopp | I99: 22 x 8 cm
A100: Floresta Fresca | B100: Aromatizador de Ambientes | C100: 150 | D100: Pet cilindrico ambar / tampa lacre | E100: Aromatizador de Ambientes | F100: B2B | G100: 25 | H100: Vinil ou Bopp | I100: 18 x 6,5 cm
A101: Floresta Fresca | B101: Aromatizador de Ambientes | C101: 250 | D101: Pet cilindrico ambar / tampa lacre | E101: Aromatizador de Ambientes | F101: B2B | G101: 90 | H101: Vinil ou Bopp | I101: 18 x 6,5 cm
A102: Floresta Fresca | B102: Fragrância Concentrada | C102: 160 | D102: Pet cilindrico ambar / tampa lacre | E102: Fragrância Concentrada | F102: B2B | G102: 7 | H102: Vinil ou Bopp
A103: Floresta Fresca | B103: Fragrância Concentrada | C103: 400 | D103: Pet cilindrico ambar / tampa lacre | E103: Fragrância Concentrada | F103: B2B | G103: 13 | H103: Vinil ou Bopp | I103: 22 x 8 cm
A104: Floresta Fresca | B104: Fragrância Ultra Concentrada | C104: 100 | D104: Pet cilindrico ambar / tampa lacre | E104: Fragrância Ultra Concentrada | F104: B2B | G104: 10 | H104: Vinil ou Bopp | I104: 13 x 5 cm
A105: Herbal Fresh | B105: Fragrância Ultra Concentrada | C105: 100 | D105: Pet cilindrico ambar / tampa lacre | E105: Fragrância Ultra Concentrada | F105: B2B | G105: 649 | H105: Vinil ou Bopp | I105: 13 x 5 cm
A106: ID Care Plus | B106: Fragrância Concentrada | C106: 160 | D106: Pet cilindrico ambar / tampa lacre | E106: Fragrância Concentrada | F106: B2B | G106: 23 | H106: Vinil ou Bopp
A107: ID Care Plus | B107: Fragrância Concentrada | C107: 400 | D107: Pet cilindrico ambar / tampa lacre | E107: Fragrância Concentrada | F107: B2B | G107: 57 | H107: Vinil ou Bopp | I107: 22 x 8 cm
A108: ID Care Plus | B108: Fragrância Ultra Concentrada | C108: 100 | D108: Pet cilindrico ambar / tampa lacre | E108: Fragrância Ultra Concentrada | F108: B2B | G108: 28 | H108: Vinil ou Bopp | I108: 13 x 5 cm
A109: ID Dubai | B109: Fragrância Concentrada | C109: 400 | D109: Pet cilindrico ambar / tampa lacre | E109: Fragrância Concentrada | F109: B2B | G109: 46 | H109: Vinil ou Bopp | I109: 22 x 8 cm
A110: ID Dubai | B110: Fragrância Ultra Concentrada | C110: 100 | D110: Pet cilindrico ambar / tampa lacre | E110: Fragrância Ultra Concentrada | F110: B2B | G110: 103 | H110: Vinil ou Bopp | I110: 13 x 5 cm
A111: ID Grand Mercure | B111: Fragrância Concentrada | C111: 400 | D111: Pet cilindrico ambar / tampa lacre | E111: Fragrância Concentrada | F111: B2B | G111: 68 | H111: Vinil ou Bopp | I111: 22 x 8 cm
A112: ID Grand Mercure | B112: Fragrância Concentrada | C112: 1000 | D112: Pet cilindrico ambar / tampa lacre | E112: Fragrância Concentrada | F112: B2B | G112: 18 | H112: Vinil ou Bopp | I112: 28 x 10,5 cm
A113: ID Grand Mercure | B113: Fragrância Ultra Concentrada | C113: 100 | D113: Pet cilindrico ambar / tampa lacre | E113: Fragrância Ultra Concentrada | F113: B2B | G113: 236 | H113: Vinil ou Bopp | I113: 13 x 5 cm
A114: ID Grand Mercure | B114: Fragrância Ultra Concentrada | C114: 500 | D114: Pet cilindrico ambar / tampa lacre | E114: Fragrância Ultra Concentrada | F114: B2B | G114: 2 | H114: Vinil ou Bopp | I114: 22 x 8 cm
A115: ID Grand Mercure | B115: Fragrância Ultra Concentrada | C115: 1000 | D115: Pet cilindrico ambar / tampa lacre | E115: Fragrância Ultra Concentrada | F115: B2B | G115: 18 | H115: Vinil ou Bopp | I115: 28 x 10,5 cm
A116: ID Ibis | B116: Fragrância Ultra Concentrada | C116: 500 | D116: Pet cilindrico ambar / tampa lacre | E116: Fragrância Ultra Concentrada | F116: B2B | G116: 18 | H116: Vinil ou Bopp | I116: 22 x 8 cm
A117: ID Mercure | B117: Fragrância Concentrada | C117: 400 | D117: Pet cilindrico ambar / tampa lacre | E117: Fragrância Concentrada | F117: B2B | G117: 6 | H117: Vinil ou Bopp | I117: 22 x 8 cm
A118: ID Mercure | B118: Fragrância Concentrada | C118: 1000 | D118: Pet cilindrico ambar / tampa lacre | E118: Fragrância Concentrada | F118: B2B | G118: 2 | H118: Vinil ou Bopp | I118: 28 x 10,5 cm
... A160: Nature Block | B160: Aromatizador de Ambientes | C160: 250 | D160: Pet cilindrico ambar / tampa lacre | E160: Aromatizador de Ambientes | F160: B2B | G160: 99 | H160: Vinil ou Bopp | I160: 18 x 6,5 cm
A161: Nature Block | B161: Fragrância Concentrada | C161: 160 | D161: Pet cilindrico ambar / tampa lacre | E161: Fragrância Concentrada | F161: B2B | G161: 9 | H161: Vinil ou Bopp
A162: Nature Block | B162: Fragrância Concentrada | C162: 400 | D162: Pet cilindrico ambar / tampa lacre | E162: Fragrância Concentrada | F162: B2B | G162: 18 | H162: Vinil ou Bopp | I162: 22 x 8 cm
A163: Nature Block | B163: Fragrância Ultra Concentrada | C163: 100 | D163: Pet cilindrico ambar / tampa lacre | E163: Fragrância Ultra Concentrada | F163: B2B | G163: 14 | H163: Vinil ou Bopp | I163: 13 x 5 cm
A164: Nature Block | B164: Fragrância Ultra Concentrada | C164: 500 | D164: Pet cilindrico ambar / tampa lacre | E164: Fragrância Ultra Concentrada | F164: B2B | G164: 9 | H164: Vinil ou Bopp | I164: 22 x 8 cm
A165: NeutralizaOdor | B165: Perfume para Ambientes | C165: 100 | D165: Pet cilindrico ambar / tampa lacre | E165: NeutralizaOdor (Gatilho) | F165: B2C | G165: 150 | H165: Vinil ou Bopp | I165: 13 x 5 cm
A166: OSK | B166: Fragrância Ultra Concentrada | C166: 1000 | D166: Pet cilindrico ambar / tampa lacre | E166: Fragrância Ultra Concentrada | F166: B2B | G166: 9 | H166: Vinil ou Bopp | I166: 28 x 10,5 cm
A167: Pear &Fressia | B167: Aromatizador de Ambientes | C167: 15 | D167: Pet cristal / válvula spray prata 18/410 | E167: Mini Aromatizador | F167: B2C | G167: 200 | H167: Transparente | I167: 6,5 x 5 cm
A168: Pear &Fressia | B168: Perfume para Ambientes | C168: 250 | D168: Vidro square cristal / tampa difusora prata 28/410 + batoque + varetas | E168: Perfume de Ambientes – Kit Varetas | F168: B2C | G168: 18 | H168: Transparente | I168: 5 x 10 cm (frente e verso)
A169: Pear &Fressia | B169: Perfume para Ambientes | C169: 250 | D169: Pet cilindrico ambar / tampa lacre | E169: Perfume de Ambientes – Refil PET | F169: B2C | G169: 12 | H169: Vinil ou Bopp | I169: 18 x 6,5 cm
A170: Pear &Fressia | B170: Perfume para Ambientes | C170: 250 | D170: Vidro square cristal / válvula spray prata 28/410 | E170: Perfume de Ambientes – Válvula Spray | F170: B2C | G170: 18 | H170: Transparente | I170: 5 x 10 cm (frente e verso)
A171: Pimenta Rosa e Madeiras Nobres | B171: Fragrância Concentrada | C171: 1000 | D171: Pet cilindrico ambar / tampa lacre | E171: Fragrância Concentrada | F171: B2B | G171: 4 | H171: Vinil ou Bopp | I171: 28 x 10,5 cm
A172: Pomegranate | B172: Fragrância Concentrada | C172: 400 | D172: Pet cilindrico ambar / tampa lacre | E172: Fragrância Concentrada | F172: B2B | G172: 9 | H172: Vinil ou Bopp | I172: 22 x 8 cm
A173: Pomegranate | B173: Fragrância Ultra Concentrada | C173: 100 | D173: Pet cilindrico ambar / tampa lacre | E173: Fragrância Ultra Concentrada | F173: B2B | G173: 9 | H173: Vinil ou Bopp | I173: 13 x 5 cm
... A180: Siciliano | B180: Fragrância Ultra Concentrada | C180: 500 | D180: Pet cilindrico ambar / tampa lacre | E180: Fragrância Ultra Concentrada | F180: B2B | G180: 10 | H180: Vinil ou Bopp | I180: 22 x 8 cm
A181: Silver | B181: Fragrância Concentrada | C181: 200 | D181: Pet cilindrico ambar / tampa lacre | E181: Fragrância Concentrada | F181: B2B | G181: 2 | H181: Vinil ou Bopp
A182: Silver | B182: Fragrância Concentrada | C182: 400 | D182: Pet cilindrico ambar / tampa lacre | E182: Fragrância Concentrada | F182: B2B | G182: 11 | H182: Vinil ou Bopp | I182: 22 x 8 cm
A183: Silver | B183: Fragrância Concentrada | C183: 1000 | D183: Pet cilindrico ambar / tampa lacre | E183: Fragrância Concentrada | F183: B2B | G183: 4 | H183: Vinil ou Bopp | I183: 28 x 10,5 cm
A184: Silver | B184: Fragrância Ultra Concentrada | C184: 100 | D184: Pet cilindrico ambar / tampa lacre | E184: Fragrância Ultra Concentrada | F184: B2B | G184: 4 | H184: Vinil ou Bopp | I184: 13 x 5 cm
A185: Silver | B185: Fragrância Ultra Concentrada | C185: 500 | D185: Pet cilindrico ambar / tampa lacre | E185: Fragrância Ultra Concentrada | F185: B2B | G185: 24 | H185: Vinil ou Bopp | I185: 22 x 8 cm
A186: Sweet | B186: Fragrância Concentrada | C186: 160 | D186: Pet cilindrico ambar / tampa lacre | E186: Fragrância Concentrada | F186: B2B | G186: 24 | H186: Vinil ou Bopp
A187: Sweet | B187: Fragrância Concentrada | C187: 400 | D187: Pet cilindrico ambar / tampa lacre | E187: Fragrância Concentrada | F187: B2B | G187: 24 | H187: Vinil ou Bopp | I187: 22 x 8 cm
A188: Sweet | B188: Fragrância Concentrada | C188: 1000 | D188: Pet cilindrico ambar / tampa lacre | E188: Fragrância Concentrada | F188: B2B | G188: 20 | H188: Vinil ou Bopp | I188: 28 x 10,5 cm
A189: Sweet | B189: Fragrância Ultra Concentrada | C189: 100 | D189: Pet cilindrico ambar / tampa lacre | E189: Fragrância Ultra Concentrada | F189: B2B | G189: 12 | H189: Vinil ou Bopp | I189: 13 x 5 cm
A190: Sweet | B190: Fragrância Ultra Concentrada | C190: 500 | D190: Pet cilindrico ambar / tampa lacre | E190: Fragrância Ultra Concentrada | F190: B2B | G190: 40 | H190: Vinil ou Bopp | I190: 22 x 8 cm
...

Sheet Versões para Orçamento
A1: Versões de rótulo para orçamento – por material, tamanho e canal
A2: Versão = arte única (fragrância × concentração × volume) no mesmo material e tamanho. Fórmulas sobre as abas Por Fragrância e Rótulos.
A4: Material / tipo | B4: Tamanho | C4: Canal | D4: Nº de versões (artes) | E4: Qtd. total de rótulos | F4: Menor tiragem por versão | G4: Maior tiragem por versão | H4: Média por versão | I4: Nº versões se separar formato e canal
A5: Transparente | B5: 5 x 10 cm (frente e verso) | C5: B2C | D5: =COUNTIFS('Por Fragrância'!$D$5:$D$192,$A5,'Por Fragrância'!$E$5:$E$192,$B5,'Por Fragrância'!$G$5:$G$192,$C5) -> 17 | E5: =SUMIFS('Por Fragrância'!$J$5:$J$192,'Por Fragrância'!$D$5:$D$192,$A5,'Por Fragrância'!$E$5:$E$192,$B5,'Por Fragrância'!$G$5:$G$192,$C5) -> 472 | F5: =_xlfn.MINIFS('Por Fragrância'!$J$5:$J$192,'Por Fragrância'!$D$5:$D$192,$A5,'Por Fragrância'!$E$5:$E$192,$B5,'Por Fragrância'!$G$5:$G$192,$C5) -> 16 | G5: =_xlfn.MAXIFS('Por Fragrância'!$J$5:$J$192,'Por Fragrância'!$D$5:$D$192,$A5,'Por Fragrância'!$E$5:$E$192,$B5,'Por Fragrância'!$G$5:$G$192,$C5) -> 36 | H5: =IF(D5=0,0,E5/D5) -> 27.764706 | I5: =COUNTIFS(Rótulos!$H$5:$H$212,$A5,Rótulos!$I$5:$I$212,$B5,Rótulos!$F$5:$F$212,IF($C5="B2B e B2C","~",$C5)) -> 34
A6: Transparente | B6: 6,5 x 5 cm | C6: B2C | D6: =COUNTIFS('Por Fragrância'!$D$5:$D$192,$A6,'Por Fragrância'!$E$5:$E$192,$B6,'Por Fragrância'!$G$5:$G$192,$C6) -> 24 | E6: =SUMIFS('Por Fragrância'!$J$5:$J$192,'Por Fragrância'!$D$5:$D$192,$A6,'Por Fragrância'!$E$5:$E$192,$B6,'Por Fragrância'!$G$5:$G$192,$C6) -> 3400 | F6: =_xlfn.MINIFS('Por Fragrância'!$J$5:$J$192,'Por Fragrância'!$D$5:$D$192,$A6,'Por Fragrância'!$E$5:$E$192,$B6,'Por Fragrância'!$G$5:$G$192,$C6) -> 100 | G6: =_xlfn.MAXIFS('Por Fragrância'!$J$5:$J$192,'Por Fragrância'!$D$5:$D$192,$A6,'Por Fragrância'!$E$5:$E$192,$B6,'Por Fragrância'!$G$5:$G$192,$C6) -> 200 | H6: =IF(D6=0,0,E6/D6) -> 141.66667 | I6: =COUNTIFS(Rótulos!$H$5:$H$212,$A6,Rótulos!$I$5:$I$212,$B6,Rótulos!$F$5:$F$212,IF($C6="B2B e B2C","~",$C6)) -> 24
A7: Vinil ou Bopp | B7: 13 x 5 cm | C7: B2B | D7: =COUNTIFS('Por Fragrância'!$D$5:$D$192,$A7,'Por Fragrância'!$E$5:$E$192,$B7,'Por Fragrância'!$G$5:$G$192,$C7) -> 23 | E7: =SUMIFS('Por Fragrância'!$J$5:$J$192,'Por Fragrância'!$D$5:$D$192,$A7,'Por Fragrância'!$E$5:$E$192,$B7,'Por Fragrância'!$G$5:$G$192,$C7) -> 1307 | F7: =_xlfn.MINIFS('Por Fragrância'!$J$5:$J$192,'Por Fragrância'!$D$5:$D$192,$A7,'Por Fragrância'!$E$5:$E$192,$B7,'Por Fragrância'!$G$5:$G$192,$C7) -> 2 | G7: =_xlfn.MAXIFS('Por Fragrância'!$J$5:$J$192,'Por Fragrância'!$D$5:$D$192,$A7,'Por Fragrância'!$E$5:$E$192,$B7,'Por Fragrância'!$G$5:$G$192,$C7) -> 649 | H7: =IF(D7=0,0,E7/D7) -> 56.826087 | I7: =COUNTIFS(Rótulos!$H$5:$H$212,$A7,Rótulos!$I$5:$I$212,$B7,Rótulos!$F$5:$F$212,IF($C7="B2B e B2C","~",$C7)) -> 23
A8: Vinil ou Bopp | B8: 13 x 5 cm | C8: B2C | D8: =COUNTIFS('Por Fragrância'!$D$5:$D$192,$A8,'Por Fragrância'!$E$5:$E$192,$B8,'Por Fragrância'!$G$5:$G$192,$C8) -> 8 | E8: =SUMIFS('Por Fragrância'!$J$5:$J$192,'Por Fragrância'!$D$5:$D$192,$A8,'Por Fragrância'!$E$5:$E$192,$B8,'Por Fragrância'!$G$5:$G$192,$C8) -> 360 | F8: =_xlfn.MINIFS('Por Fragrância'!$J$5:$J$192,'Por Fragrância'!$D$5:$D$192,$A8,'Por Fragrância'!$E$5:$E$192,$B8,'Por Fragrância'!$G$5:$G$192,$C8) -> 30 | G8: =_xlfn.MAXIFS('Por Fragrância'!$J$5:$J$192,'Por Fragrância'!$D$5:$D$192,$A8,'Por Fragrância'!$E$5:$E$192,$B8,'Por Fragrância'!$G$5:$G$192,$C8) -> 150 | H8: =IF(D8=0,0,E8/D8) -> 45 | I8: =COUNTIFS(Rótulos!$H$5:$H$212,$A8,Rótulos!$I$5:$I$212,$B8,Rótulos!$F$5:$F$212,IF($C8="B2B e B2C","~",$C8)) -> 8
A9: Vinil ou Bopp | B9: 18 x 6,5 cm | C9: B2B | D9: =COUNTIFS('Por Fragrância'!$D$5:$D$192,$A9,'Por Fragrância'!$E$5:$E$192,$B9,'Por Fragrância'!$G$5:$G$192,$C9) -> 11 | E9: =SUMIFS('Por Fragrância'!$J$5:$J$192,'Por Fragrância'!$D$5:$D$192,$A9,'Por Fragrância'!$E$5:$E$192,$B9,'Por Fragrância'!$G$5:$G$192,$C9) -> 481 | F9: =_xlfn.MINIFS('Por Fragrância'!$J$5:$J$192,'Por Fragrância'!$D$5:$D$192,$A9,'Por Fragrância'!$E$5:$E$192,$B9,'Por Fragrância'!$G$5:$G$192,$C9) -> 4 | G9: =_xlfn.MAXIFS('Por Fragrância'!$J$5:$J$192,'Por Fragrância'!$D$5:$D$192,$A9,'Por Fragrância'!$E$5:$E$192,$B9,'Por Fragrância'!$G$5:$G$192,$C9) -> 205 | H9: =IF(D9=0,0,E9/D9) -> 43.727273 | I9: =COUNTIFS(Rótulos!$H$5:$H$212,$A9,Rótulos!$I$5:$I$212,$B9,Rótulos!$F$5:$F$212,IF($C9="B2B e B2C","~",$C9)) -> 13
A10: Vinil ou Bopp | B10: 18 x 6,5 cm | C10: B2B e B2C | D10: =COUNTIFS('Por Fragrância'!$D$5:$D$192,$A10,'Por Fragrância'!$E$5:$E$192,$B10,'Por Fragrância'!$G$5:$G$192,$C10) -> 2 | E10: =SUMIFS('Por Fragrância'!$J$5:$J$192,'Por Fragrância'!$D$5:$D$192,$A10,'Por Fragrância'!$E$5:$E$192,$B10,'Por Fragrância'!$G$5:$G$192,$C10) -> 120 | F10: =_xlfn.MINIFS('Por Fragrância'!$J$5:$J$192,'Por Fragrância'!$D$5:$D$192,$A10,'Por Fragrância'!$E$5:$E$192,$B10,'Por Fragrância'!$G$5:$G$192,$C10) -> 38 | G10: =_xlfn.MAXIFS('Por Fragrância'!$J$5:$J$192,'Por Fragrância'!$D$5:$D$192,$A10,'Por Fragrância'!$E$5:$E$192,$B10,'Por Fragrância'!$G$5:$G$192,$C10) -> 82 | H10: =IF(D10=0,0,E10/D10) -> 60 | I10: =COUNTIFS(Rótulos!$H$5:$H$212,$A10,Rótulos!$I$5:$I$212,$B10,Rótulos!$F$5:$F$212,IF($C10="B2B e B2C","~",$C10)) -> 0
A11: Vinil ou Bopp | B11: 18 x 6,5 cm | C11: B2C | D11: =COUNTIFS('Por Fragrância'!$D$5:$D$192,$A11,'Por Fragrância'!$E$5:$E$192,$B11,'Por Fragrância'!$G$5:$G$192,$C11) -> 15 | E11: =SUMIFS('Por Fragrância'!$J$5:$J$192,'Por Fragrância'!$D$5:$D$192,$A11,'Por Fragrância'!$E$5:$E$192,$B11,'Por Fragrância'!$G$5:$G$192,$C11) -> 130 | F11: =_xlfn.MINIFS('Por Fragrância'!$J$5:$J$192,'Por Fragrância'!$D$5:$D$192,$A11,'Por Fragrância'!$E$5:$E$192,$B11,'Por Fragrância'!$G$5:$G$192,$C11) -> 2 | G11: =_xlfn.MAXIFS('Por Fragrância'!$J$5:$J$192,'Por Fragrância'!$D$5:$D$192,$A11,'Por Fragrância'!$E$5:$E$192,$B11,'Por Fragrância'!$G$5:$G$192,$C11) -> 12 | H11: =IF(D11=0,0,E11/D11) -> 8.6666667 | I11: =COUNTIFS(Rótulos!$H$5:$H$212,$A11,Rótulos!$I$5:$I$212,$B11,Rótulos!$F$5:$F$212,IF($C11="B2B e B2C","~",$C11)) -> 17
A12: Vinil ou Bopp | B12: 22 x 8 cm | C12: B2B | D12: =COUNTIFS('Por Fragrância'!$D$5:$D$192,$A12,'Por Fragrância'!$E$5:$E$192,$B12,'Por Fragrância'!$G$5:$G$192,$C12) -> 53 | E12: =SUMIFS('Por Fragrância'!$J$5:$J$192,'Por Fragrância'!$D$5:$D$192,$A12,'Por Fragrância'!$E$5:$E$192,$B12,'Por Fragrância'!$G$5:$G$192,$C12) -> 1614 | F12: =_xlfn.MINIFS('Por Fragrância'!$J$5:$J$192,'Por Fragrância'!$D$5:$D$192,$A12,'Por Fragrância'!$E$5:$E$192,$B12,'Por Fragrância'!$G$5:$G$192,$C12) -> 1 | G12: =_xlfn.MAXIFS('Por Fragrância'!$J$5:$J$192,'Por Fragrância'!$D$5:$D$192,$A12,'Por Fragrância'!$E$5:$E$192,$B12,'Por Fragrância'!$G$5:$G$192,$C12) -> 379 | H12: =IF(D12=0,0,E12/D12) -> 30.45283 | I12: =COUNTIFS(Rótulos!$H$5:$H$212,$A12,Rótulos!$I$5:$I$212,$B12,Rótulos!$F$5:$F$212,IF($C12="B2B e B2C","~",$C12)) -> 54
A13: Vinil ou Bopp | B13: 22 x 8 cm | C13: B2B e B2C | D13: =COUNTIFS('Por Fragrância'!$D$5:$D$192,$A13,'Por Fragrância'!$E$5:$E$192,$B13,'Por Fragrância'!$G$5:$G$192,$C13) -> 1 | E13: =SUMIFS('Por Fragrância'!$J$5:$J$192,'Por Fragrância'!$D$5:$D$192,$A13,'Por Fragrância'!$E$5:$E$192,$B13,'Por Fragrância'!$G$5:$G$192,$C13) -> 50 | F13: =_xlfn.MINIFS('Por Fragrância'!$J$5:$J$192,'Por Fragrância'!$D$5:$D$192,$A13,'Por Fragrância'!$E$5:$E$192,$B13,'Por Fragrância'!$G$5:$G$192,$C13) -> 50 | G13: =_xlfn.MAXIFS('Por Fragrância'!$J$5:$J$192,'Por Fragrância'!$D$5:$D$192,$A13,'Por Fragrância'!$E$5:$E$192,$B13,'Por Fragrância'!$G$5:$G$192,$C13) -> 50 | H13: =IF(D13=0,0,E13/D13) -> 50 | I13: =COUNTIFS(Rótulos!$H$5:$H$212,$A13,Rótulos!$I$5:$I$212,$B13,Rótulos!$F$5:$F$212,IF($C13="B2B e B2C","~",$C13)) -> 0
A14: Vinil ou Bopp | B14: 22 x 8 cm | C14: B2C | D14: =COUNTIFS('Por Fragrância'!$D$5:$D$192,$A14,'Por Fragrância'!$E$5:$E$192,$B14,'Por Fragrância'!$G$5:$G$192,$C14) -> 6 | E14: =SUMIFS('Por Fragrância'!$J$5:$J$192,'Por Fragrância'!$D$5:$D$192,$A14,'Por Fragrância'!$E$5:$E$192,$B14,'Por Fragrância'!$G$5:$G$192,$C14) -> 60 | F14: =_xlfn.MINIFS('Por Fragrância'!$J$5:$J$192,'Por Fragrância'!$D$5:$D$192,$A14,'Por Fragrância'!$E$5:$E$192,$B14,'Por Fragrância'!$G$5:$G$192,$C14) -> 10 | G14: =_xlfn.MAXIFS('Por Fragrância'!$J$5:$J$192,'Por Fragrância'!$D$5:$D$192,$A14,'Por Fragrância'!$E$5:$E$192,$B14,'Por Fragrância'!$G$5:$G$192,$C14) -> 10 | H14: =IF(D14=0,0,E14/D14) -> 10 | I14: =COUNTIFS(Rótulos!$H$5:$H$212,$A14,Rótulos!$I$5:$I$212,$B14,Rótulos!$F$5:$F$212,IF($C14="B2B e B2C","~",$C14)) -> 7
A15: Vinil ou Bopp | B15: 28 x 10,5 cm | C15: B2B | D15: =COUNTIFS('Por Fragrância'!$D$5:$D$192,$A15,'Por Fragrância'!$E$5:$E$192,$B15,'Por Fragrância'!$G$5:$G$192,$C15) -> 18 | E15: =SUMIFS('Por Fragrância'!$J$5:$J$192,'Por Fragrância'!$D$5:$D$192,$A15,'Por Fragrância'!$E$5:$E$192,$B15,'Por Fragrância'!$G$5:$G$192,$C15) -> 197 | F15: =_xlfn.MINIFS('Por Fragrância'!$J$5:$J$192,'Por Fragrância'!$D$5:$D$192,$A15,'Por Fragrância'!$E$5:$E$192,$B15,'Por Fragrância'!$G$5:$G$192,$C15) -> 2 | G15: =_xlfn.MAXIFS('Por Fragrância'!$J$5:$J$192,'Por Fragrância'!$D$5:$D$192,$A15,'Por Fragrância'!$E$5:$E$192,$B15,'Por Fragrância'!$G$5:$G$192,$C15) -> 22 | H15: =IF(D15=0,0,E15/D15) -> 10.944444 | I15: =COUNTIFS(Rótulos!$H$5:$H$212,$A15,Rótulos!$I$5:$I$212,$B15,Rótulos!$F$5:$F$212,IF($C15="B2B e B2C","~",$C15)) -> 18
A16: Vinil ou Bopp | B16: A definir | C16: B2B | D16: =COUNTIFS('Por Fragrância'!$D$5:$D$192,$A16,'Por Fragrância'!$E$5:$E$192,$B16,'Por Fragrância'!$G$5:$G$192,$C16) -> 10 | E16: =SUMIFS('Por Fragrância'!$J$5:$J$192,'Por Fragrância'!$D$5:$D$192,$A16,'Por Fragrância'!$E$5:$E$192,$B16,'Por Fragrância'!$G$5:$G$192,$C16) -> 141 | F16: =_xlfn.MINIFS('Por Fragrância'!$J$5:$J$192,'Por Fragrância'!$D$5:$D$192,$A16,'Por Fragrância'!$E$5:$E$192,$B16,'Por Fragrância'!$G$5:$G$192,$C16) -> 2 | G16: =_xlfn.MAXIFS('Por Fragrância'!$J$5:$J$192,'Por Fragrância'!$D$5:$D$192,$A16,'Por Fragrância'!$E$5:$E$192,$B16,'Por Fragrância'!$G$5:$G$192,$C16) -> 29 | H16: =IF(D16=0,0,E16/D16) -> 14.1 | I16: =SUMPRODUCT((Rótulos!$H$5:$H$212=$A16)*(Rótulos!$I$5:$I$212="")*(Rótulos!$F$5:$F$212=IF($C16="B2B e B2C","~",$C16))) -> 10
A17: Total | D17: =SUM(D5:D16) -> 188 | E17: =SUM(E5:E16) -> 8332 | I17: =COUNTA(Rótulos!$A$5:$A$212) -> 208
A19: Resumo por material e tamanho (todos os canais)
A20: Material / tipo | B20: Tamanho | C20: Nº de versões (artes) | D20: Qtd. total de rótulos
A21: Transparente | B21: 5 x 10 cm (frente e verso) | C21: =COUNTIFS('Por Fragrância'!$D$5:$D$192,$A21,'Por Fragrância'!$E$5:$E$192,$B21) -> 17 | D21: =SUMIFS('Por Fragrância'!$J$5:$J$192,'Por Fragrância'!$D$5:$D$192,$A21,'Por Fragrância'!$E$5:$E$192,$B21) -> 472
A22: Transparente | B22: 6,5 x 5 cm | C22: =COUNTIFS('Por Fragrância'!$D$5:$D$192,$A22,'Por Fragrância'!$E$5:$E$192,$B22) -> 24 | D22: =SUMIFS('Por Fragrância'!$J$5:$J$192,'Por Fragrância'!$D$5:$D$192,$A22,'Por Fragrância'!$E$5:$E$192,$B22) -> 3400
A23: Vinil ou Bopp | B23: 13 x 5 cm | C23: =COUNTIFS('Por Fragrância'!$D$5:$D$192,$A23,'Por Fragrância'!$E$5:$E$192,$B23) -> 31 | D23: =SUMIFS('Por Fragrância'!$J$5:$J$192,'Por Fragrância'!$D$5:$D$192,$A23,'Por Fragrância'!$E$5:$E$192,$B23) -> 1667
A24: Vinil ou Bopp | B24: 18 x 6,5 cm | C24: =COUNTIFS('Por Fragrância'!$D$5:$D$192,$A24,'Por Fragrância'!$E$5:$E$192,$B24) -> 28 | D24: =SUMIFS('Por Fragrância'!$J$5:$J$192,'Por Fragrância'!$D$5:$D$192,$A24,'Por Fragrância'!$E$5:$E$192,$B24) -> 731
A25: Vinil ou Bopp | B25: 22 x 8 cm | C25: =COUNTIFS('Por Fragrância'!$D$5:$D$192,$A25,'Por Fragrância'!$E$5:$E$192,$B25) -> 60 | D25: =SUMIFS('Por Fragrância'!$J$5:$J$192,'Por Fragrância'!$D$5:$D$192,$A25,'Por Fragrância'!$E$5:$E$192,$B25) -> 1724
A26: Vinil ou Bopp | B26: 28 x 10,5 cm | C26: =COUNTIFS('Por Fragrância'!$D$5:$D$192,$A26,'Por Fragrância'!$E$5:$E$192,$B26) -> 18 | D26: =SUMIFS('Por Fragrância'!$J$5:$J$192,'Por Fragrância'!$D$5:$D$192,$A26,'Por Fragrância'!$E$5:$E$192,$B26) -> 197
A27: Vinil ou Bopp | B27: A definir | C27: =COUNTIFS('Por Fragrância'!$D$5:$D$192,$A27,'Por Fragrância'!$E$5:$E$192,$B27) -> 10 | D27: =SUMIFS('Por Fragrância'!$J$5:$J$192,'Por Fragrância'!$D$5:$D$192,$A27,'Por Fragrância'!$E$5:$E$192,$B27) -> 141
A28: Total | C28: =SUM(C21:C27) -> 188 | D28: =SUM(D21:D27) -> 8332
A30: "Nº versões se separar formato e canal": conta cada linha da aba Rótulos como arte própria (ex.: Válvula Spray e Kit Varetas com artes diferentes; mesmo rótulo B2B e B2C com artes diferentes). Linhas "B2B e B2C" mostram "-" nessa coluna porque já estão contadas nas linhas B2B e B2C.
A31: Rótulo 5 x 10 cm (frente e verso): quantidade = nº de frascos; se forem 2 rótulos por frasco, dobrar no orçamento.

Sheet Por Fragrância
A1: Quantidades por fragrância × concentração × volume
A2: Soma linhas com mesma fragrância, concentração, volume, tipo e tamanho de rótulo. Fórmulas sobre a aba Rótulos.
A4: Fragrância | B4: Concentração | C4: Volume (ml) | D4: Tipo Rotulo | E4: Tamanho | F4: Formatos agrupados | G4: Canal | H4: Qtd. B2C | I4: Qtd. B2B | J4: Quantidade total
A5: Acqua di Gio | B5: Aromatizador de Ambientes | C5: 15 | D5: Transparente | E5: 6,5 x 5 cm | F5: Mini Aromatizador | G5: B2C | H5: =SUMIFS(Rótulos!$G$5:$G$212,Rótulos!$A$5:$A$212,$A5,Rótulos!$B$5:$B$212,$B5,Rótulos!$C$5:$C$212,$C5,Rótulos!$H$5:$H$212,$D5,Rótulos!$I$5:$I$212,$E5,Rótulos!$F$5:$F$212,"B2C") -> 200 | I5: =SUMIFS(Rótulos!$G$5:$G$212,Rótulos!$A$5:$A$212,$A5,Rótulos!$B$5:$B$212,$B5,Rótulos!$C$5:$C$212,$C5,Rótulos!$H$5:$H$212,$D5,Rótulos!$I$5:$I$212,$E5,Rótulos!$F$5:$F$212,"B2B") -> 0 | J5: =H5+I5 -> 200
A6: Acqua di Gio | B6: Perfume para Ambientes | C6: 250 | D6: Transparente | E6: 5 x 10 cm (frente e verso) | F6: Perfume de Ambientes – Kit Varetas + Perfume de Ambientes – Válvula Spray | G6: B2C | H6: =SUMIFS(Rótulos!$G$5:$G$212,Rótulos!$A$5:$A$212,$A6,Rótulos!$B$5:$B$212,$B6,Rótulos!$C$5:$C$212,$C6,Rótulos!$H$5:$H$212,$D6,Rótulos!$I$5:$I$212,$E6,Rótulos!$F$5:$F$212,"B2C") -> 36 | I6: =SUMIFS(Rótulos!$G$5:$G$212,Rótulos!$A$5:$A$212,$A6,Rótulos!$B$5:$B$212,$B6,Rótulos!$C$5:$C$212,$C6,Rótulos!$H$5:$H$212,$D6,Rótulos!$I$5:$I$212,$E6,Rótulos!$F$5:$F$212,"B2B") -> 0 | J6: =H6+I6 -> 36
A7: Acqua di Gio | B7: Perfume para Ambientes | C7: 250 | D7: Vinil ou Bopp | E7: 18 x 6,5 cm | F7: Perfume de Ambientes – Refil PET | G7: B2C | H7: =SUMIFS(Rótulos!$G$5:$G$212,Rótulos!$A$5:$A$212,$A7,Rótulos!$B$5:$B$212,$B7,Rótulos!$C$5:$C$212,$C7,Rótulos!$H$5:$H$212,$D7,Rótulos!$I$5:$I$212,$E7,Rótulos!$F$5:$F$212,"B2C") -> 12 | I7: =SUMIFS(Rótulos!$G$5:$G$212,Rótulos!$A$5:$A$212,$A7,Rótulos!$B$5:$B$212,$B7,Rótulos!$C$5:$C$212,$C7,Rótulos!$H$5:$H$212,$D7,Rótulos!$I$5:$I$212,$E7,Rótulos!$F$5:$F$212,"B2B") -> 0 | J7: =H7+I7 -> 12
A8: Alecrim | B8: Fragrância Concentrada | C8: 160 | D8: Vinil ou Bopp | E8: A definir | F8: Fragrância Concentrada | G8: B2B | H8: =SUMIFS(Rótulos!$G$5:$G$212,Rótulos!$A$5:$A$212,$A8,Rótulos!$B$5:$B$212,$B8,Rótulos!$C$5:$C$212,$C8,Rótulos!$H$5:$H$212,$D8,Rótulos!$I$5:$I$212,"=",Rótulos!$F$5:$F$212,"B2C") -> 0 | I8: =SUMIFS(Rótulos!$G$5:$G$212,Rótulos!$A$5:$A$212,$A8,Rótulos!$B$5:$B$212,$B8,Rótulos!$C$5:$C$212,$C8,Rótulos!$H$5:$H$212,$D8,Rótulos!$I$5:$I$212,"=",Rótulos!$F$5:$F$212,"B2B") -> 29 | J8: =H8+I8 -> 29
A9: Alecrim | B9: Fragrância Concentrada | C9: 400 | D9: Vinil ou Bopp | E9: 22 x 8 cm | F9: Fragrância Concentrada | G9: B2B | H9: =SUMIFS(Rótulos!$G$5:$G$212,Rótulos!$A$5:$A$212,$A9,Rótulos!$B$5:$B$212,$B9,Rótulos!$C$5:$C$212,$C9,Rótulos!$H$5:$H$212,$D9,Rótulos!$I$5:$I$212,$E9,Rótulos!$F$5:$F$212,"B2C") -> 0 | I9: =SUMIFS(Rótulos!$G$5:$G$212,Rótulos!$A$5:$A$212,$A9,Rótulos!$B$5:$B$212,$B9,Rótulos!$C$5:$C$212,$C9,Rótulos!$H$5:$H$212,$D9,Rótulos!$I$5:$I$212,$E9,Rótulos!$F$5:$F$212,"B2B") -> 55 | J9: =H9+I9 -> 55
A10: Alecrim | B10: Fragrância Concentrada | C10: 1000 | D10: Vinil ou Bopp | E10: 28 x 10,5 cm | F10: Fragrância Concentrada | G10: B2B | H10: =SUMIFS(Rótulos!$G$5:$G$212,Rótulos!$A$5:$A$212,$A10,Rótulos!$B$5:$B$212,$B10,Rótulos!$C$5:$C$212,$C10,Rótulos!$H$5:$H$212,$D10,Rótulos!$I$5:$I$212,$E10,Rótulos!$F$5:$F$212,"B2C") -> 0 | I10: =SUMIFS(Rótulos!$G$5:$G$212,Rótulos!$A$5:$A$212,$A10,Rótulos!$B$5:$B$212,$B10,Rótulos!$C$5:$C$212,$C10,Rótulos!$H$5:$H$212,$D10,Rótulos!$I$5:$I$212,$E10,Rótulos!$F$5:$F$212,"B2B") -> 21 | J10: =H10+I10 -> 21
A11: Alecrim | B11: Fragrância Concentrada | C11: 5000 | D11: Vinil ou Bopp | E11: A definir | F11: Fragrância Concentrada | G11: B2B | H11: =SUMIFS(Rótulos!$G$5:$G$212,Rótulos!$A$5:$A$212,$A11,Rótulos!$B$5:$B$212,$B11,Rótulos!$C$5:$C$212,$C11,Rótulos!$H$5:$H$212,$D11,Rótulos!$I$5:$I$212,"=",Rótulos!$F$5:$F$212,"B2C") -> 0 | I11: =SUMIFS(Rótulos!$G$5:$G$212,Rótulos!$A$5:$A$212,$A11,Rótulos!$B$5:$B$212,$B11,Rótulos!$C$5:$C$212,$C11,Rótulos!$H$5:$H$212,$D11,Rótulos!$I$5:$I$212,"=",Rótulos!$F$5:$F$212,"B2B") -> 28 | J11: =H11+I11 -> 28
A12: Alecrim | B12: Fragrância Ultra Concentrada | C12: 100 | D12: Vinil ou Bopp | E12: 13 x 5 cm | F12: Fragrância Ultra Concentrada | G12: B2B | H12: =SUMIFS(Rótulos!$G$5:$G$212,Rótulos!$A$5:$A$212,$A12,Rótulos!$B$5:$B$212,$B12,Rótulos!$C$5:$C$212,$C12,Rótulos!$H$5:$H$212,$D12,Rótulos!$I$5:$I$212,$E12,Rótulos!$F$5:$F$212,"B2C") -> 0 | I12: =SUMIFS(Rótulos!$G$5:$G$212,Rótulos!$A$5:$A$212,$A12,Rótulos!$B$5:$B$212,$B12,Rótulos!$C$5:$C$212,$C12,Rótulos!$H$5:$H$212,$D12,Rótulos!$I$5:$I$212,$E12,Rótulos!$F$5:$F$212,"B2B") -> 19 | J12: =H12+I12 -> 19
A13: Alecrim | B13: Fragrância Ultra Concentrada | C13: 500 | D13: Vinil ou Bopp | E13: 22 x 8 cm | F13: Fragrância Ultra Concentrada | G13: B2B | H13: =SUMIFS(Rótulos!$G$5:$G$212,Rótulos!$A$5:$A$212,$A13,Rótulos!$B$5:$B$212,$B13,Rótulos!$C$5:$C$212,$C13,Rótulos!$H$5:$H$212,$D13,Rótulos!$I$5:$I$212,$E13,Rótulos!$F$5:$F$212,"B2C") -> 0 | I13: =SUMIFS(Rótulos!$G$5:$G$212,Rótulos!$A$5:$A$212,$A13,Rótulos!$B$5:$B$212,$B13,Rótulos!$C$5:$C$212,$C13,Rótulos!$H$5:$H$212,$D13,Rótulos!$I$5:$I$212,$E13,Rótulos!$F$5:$F$212,"B2B") -> 76 | J13: =H13+I13 -> 76
A14: Alecrim | B14: Aromatizador de Ambientes | C14: 15 | D14: Transparente | E14: 6,5 x 5 cm | F14: Mini Aromatizador | G14: B2C | H14: =SUMIFS(Rótulos!$G$5:$G$212,Rótulos!$A$5:$A$212,$A14,Rótulos!$B$5:$B$212,$B14,Rótulos!$C$5:$C$212,$C14,Rótulos!$H$5:$H$212,$D14,Rótulos!$I$5:$I$212,$E14,Rótulos!$F$5:$F$212,"B2C") -> 100 | I14: =SUMIFS(Rótulos!$G$5:$G$212,Rótulos!$A$5:$A$212,$A14,Rótulos!$B$5:$B$212,$B14,Rótulos!$C$5:$C$212,$C14,Rótulos!$H$5:$H$212,$D14,Rótulos!$I$5:$I$212,$E14,Rótulos!$F$5:$F$212,"B2B") -> 0 | J14: =H14+I14 -> 100
A15: Alecrim | B15: Aromatizador de Ambientes | C15: 500 | D15: Vinil ou Bopp | E15: 22 x 8 cm | F15: Aromatizador (Refil) | G15: B2C | H15: =SUMIFS(Rótulos!$G$5:$G$212,Rótulos!$A$5:$A$212,$A15,Rótulos!$B$5:$B$212,$B15,Rótulos!$C$5:$C$212,$C15,Rótulos!$H$5:$H$212,$D15,Rótulos!$I$5:$I$212,$E15,Rótulos!$F$5:$F$212,"B2C") -> 10 | I15: =SUMIFS(Rótulos!$G$5:$G$212,Rótulos!$A$5:$A$212,$A15,Rótulos!$B$5:$B$212,$B15,Rótulos!$C$5:$C$212,$C15,Rótulos!$H$5:$H$212,$D15,Rótulos!$I$5:$I$212,$E15,Rótulos!$F$5:$F$212,"B2B") -> 0 | J15: =H15+I15 -> 10
A16: Alecrim | B16: Fragrância Concentrada | C16: 15 | D16: Transparente | E16: 6,5 x 5 cm | F16: Fragrância Concentrada (Refil Equipamento) | G16: B2C | H16: =SUMIFS(Rótulos!$G$5:$G$212,Rótulos!$A$5:$A$212,$A16,Rótulos!$B$5:$B$212,$B16,Rótulos!$C$5:$C$212,$C16,Rótulos!$H$5:$H$212,$D16,Rótulos!$I$5:$I$212,$E16,Rótulos!$F$5:$F$212,"B2C") -> 100 | I16: =SUMIFS(Rótulos!$G$5:$G$212,Rótulos!$A$5:$A$212,$A16,Rótulos!$B$5:$B$212,$B16,Rótulos!$C$5:$C$212,$C16,Rótulos!$H$5:$H$212,$D16,Rótulos!$I$5:$I$212,$E16,Rótulos!$F$5:$F$212,"B2B") -> 0 | J16: =H16+I16 -> 100
A17: Alecrim | B17: Fragrância Concentrada | C17: 100 | D17: Vinil ou Bopp | E17: 13 x 5 cm | F17: Fragrância Concentrada (Refil Equipamento) | G17: B2C | H17: =SUMIFS(Rótulos!$G$5:$G$212,Rótulos!$A$5:$A$212,$A17,Rótulos!$B$5:$B$212,$B17,Rótulos!$C$5:$C$212,$C17,Rótulos!$H$5:$H$212,$D17,Rótulos!$I$5:$I$212,$E17,Rótulos!$F$5:$F$212,"B2C") -> 30 | I17: =SUMIFS(Rótulos!$G$5:$G$212,Rótulos!$A$5:$A$212,$A17,Rótulos!$B$5:$B$212,$B17,Rótulos!$C$5:$C$212,$C17,Rótulos!$H$5:$H$212,$D17,Rótulos!$I$5:$I$212,$E17,Rótulos!$F$5:$F$212,"B2B") -> 0 | J17: =H17+I17 -> 30
A18: Alecrim | B18: Perfume para Ambientes | C18: 250 | D18: Transparente | E18: 5 x 10 cm (frente e verso) | F18: Perfume de Ambientes – Kit Varetas + Perfume de Ambientes – Válvula Spray | G18: B2C | H18: =SUMIFS(Rótulos!$G$5:$G$212,Rótulos!$A$5:$A$212,$A18,Rótulos!$B$5:$B$212,$B18,Rótulos!$C$5:$C$212,$C18,Rótulos!$H$5:$H$212,$D18,Rótulos!$I$5:$I$212,$E18,Rótulos!$F$5:$F$212,"B2C") -> 16 | I18: =SUMIFS(Rótulos!$G$5:$G$212,Rótulos!$A$5:$A$212,$A18,Rótulos!$B$5:$B$212,$B18,Rótulos!$C$5:$C$212,$C18,Rótulos!$H$5:$H$212,$D18,Rótulos!$I$5:$I$212,$E18,Rótulos!$F$5:$F$212,"B2B") -> 0 | J18: =H18+I18 -> 16
A19: Alecrim | B19: Perfume para Ambientes | C19: 250 | D19: Vinil ou Bopp | E19: 18 x 6,5 cm | F19: Perfume de Ambientes – Refil PET | G19: B2C | H19: =SUMIFS(Rótulos!$G$5:$G$212,Rótulos!$A$5:$A$212,$A19,Rótulos!$B$5:$B$212,$B19,Rótulos!$C$5:$C$212,$C19,Rótulos!$H$5:$H$212,$D19,Rótulos!$I$5:$I$212,$E19,Rótulos!$F$5:$F$212,"B2C") -> 2 | I19: =SUMIFS(Rótulos!$G$5:$G$212,Rótulos!$A$5:$A$212,$A19,Rótulos!$B$5:$B$212,$B19,Rótulos!$C$5:$C$212,$C19,Rótulos!$H$5:$H$212,$D19,Rótulos!$I$5:$I$212,$E19,Rótulos!$F$5:$F$212,"B2B") -> 0 | J19: =H19+I19 -> 2
A20: Alecrim Sence | B20: Fragrância Concentrada | C20: 400 | D20: Vinil ou Bopp | E20: 22 x 8 cm | F20: Fragrância Concentrada | G20: B2B | H20: =SUMIFS(Rótulos!$G$5:$G$212,Rótulos!$A$5:$A$212,$A20,Rótulos!$B$5:$B$212,$B20,Rótulos!$C$5:$C$212,$C20,Rótulos!$H$5:$H$212,$D20,Rótulos!$I$5:$I$212,$E20,Rótulos!$F$5:$F$212,"B2C") -> 0 | I20: =SUMIFS(Rótulos!$G$5:$G$212,Rótulos!$A$5:$A$212,$A20,Rótulos!$B$5:$B$212,$B20,Rótulos!$C$5:$C$212,$C20,Rótulos!$H$5:$H$212,$D20,Rótulos!$I$5:$I$212,$E20,Rótulos!$F$5:$F$212,"B2B") -> 4 | J20: =H20+I20 -> 4
A21: Alecrim Sence | B21: Fragrância Concentrada | C21: 1000 | D21: Vinil ou Bopp | E21: 28 x 10,5 cm | F21: Fragrância Concentrada | G21: B2B | H21: =SUMIFS(Rótulos!$G$5:$G$212,Rótulos!$A$5:$A$212,$A21,Rótulos!$B$5:$B$212,$B21,Rótulos!$C$5:$C$212,$C21,Rótulos!$H$5:$H$212,$D21,Rótulos!$I$5:$I$212,$E21,Rótulos!$F$5:$F$212,"B2C") -> 0 | I21: =SUMIFS(Rótulos!$G$5:$G$212,Rótulos!$A$5:$A$212,$A21,Rótulos!$B$5:$B$212,$B21,Rótulos!$C$5:$C$212,$C21,Rótulos!$H$5:$H$212,$D21,Rótulos!$I$5:$I$212,$E21,Rótulos!$F$5:$F$212,"B2B") -> 15 | J21: =H21+I21 -> 15
A22: Alecrim Sence | B22: Fragrância Concentrada | C22: 5000 | D22: Vinil ou Bopp | E22: A definir | F22: Fragrância Concentrada | G22: B2B | H22: =SUMIFS(Rótulos!$G$5:$G$212,Rótulos!$A$5:$A$212,$A22,Rótulos!$B$5:$B$212,$B22,Rótulos!$C$5:$C$212,$C22,Rótulos!$H$5:$H$212,$D22,Rótulos!$I$5:$I$212,"=",Rótulos!$F$5:$F$212,"B2C") -> 0 | I22: =SUMIFS(Rótulos!$G$5:$G$212,Rótulos!$A$5:$A$212,$A22,Rótulos!$B$5:$B$212,$B22,Rótulos!$C$5:$C$212,$C22,Rótulos!$H$5:$H$212,$D22,Rótulos!$I$5:$I$212,"=",Rótulos!$F$5:$F$212,"B2B") -> 8 | J22: =H22+I22 -> 8
A23: Bamboo | B23: Fragrância Concentrada | C23: 400 | D23: Vinil ou Bopp | E23: 22 x 8 cm | F23: Fragrância Concentrada | G23: B2B | H23: =SUMIFS(Rótulos!$G$5:$G$212,Rótulos!$A$5:$A$212,$A23,Rótulos!$B$5:$B$212,$B23,Rótulos!$C$5:$C$212,$C23,Rótulos!$H$5:$H$212,$D23,Rótulos!$I$5:$I$212,$E23,Rótulos!$F$5:$F$212,"B2C") -> 0 | I23: =SUMIFS(Rótulos!$G$5:$G$212,Rótulos!$A$5:$A$212,$A23,Rótulos!$B$5:$B$212,$B23,Rótulos!$C$5:$C$212,$C23,Rótulos!$H$5:$H$212,$D23,Rótulos!$I$5:$I$212,$E23,Rótulos!$F$5:$F$212,"B2B") -> 14 | J23: =H23+I23 -> 14
A24: Bamboo | B24: Fragrância Concentrada | C24: 1000 | D24: Vinil ou Bopp | E24: 28 x 10,5 cm | F24: Fragrância Concentrada | G24: B2B | H24: =SUMIFS(Rótulos!$G$5:$G$212,Rótulos!$A$5:$A$212,$A24,Rótulos!$B$5:$B$212,$B24,Rótulos!$C$5:$C$212,$C24,Rótulos!$H$5:$H$212,$D24,Rótulos!$I$5:$I$212,$E24,Rótulos!$F$5:$F$212,"B2C") -> 0 | I24: =SUMIFS(Rótulos!$G$5:$G$212,Rótulos!$A$5:$A$212,$A24,Rótulos!$B$5:$B$212,$B24,Rótulos!$C$5:$C$212,$C24,Rótulos!$H$5:$H$212,$D24,Rótulos!$I$5:$I$212,$E24,Rótulos!$F$5:$F$212,"B2B") -> 6 | J24: =H24+I24 -> 6
A25: Bamboo | B25: Fragrância Ultra Concentrada | C25: 100 | D25: Vinil ou Bopp | E25: 13 x 5 cm | F25: Fragrância Ultra Concentrada | G25: B2B | H25: =SUMIFS(Rótulos!$G$5:$G$212,Rótulos!$A$5:$A$212,$A25,Rótulos!$B$5:$B$212,$B25,Rótulos!$C$5:$C$212,$C25,Rótulos!$H$5:$H$212,$D25,Rótulos!$I$5:$I$212,$E25,Rótulos!$F$5:$F$212,"B2C") -> 0 | I25: =SUMIFS(Rótulos!$G$5:$G$212,Rótulos!$A$5:$A$212,$A25,Rótulos!$B$5:$B$212,$B25,Rótulos!$C$5:$C$212,$C25,Rótulos!$H$5:$H$212,$D25,Rótulos!$I$5:$I$212,$E25,Rótulos!$F$5:$F$212,"B2B") -> 37 | J25: =H25+I25 -> 37
A26: Bamboo | B26: Fragrância Ultra Concentrada | C26: 500 | D26: Vinil ou Bopp | E26: 22 x 8 cm | F26: Fragrância Ultra Concentrada | G26: B2B | H26: =SUMIFS(Rótulos!$G$5:$G$212,Rótulos!$A$5:$A$212,$A26,Rótulos!$B$5:$B$212,$B26,Rótulos!$C$5:$C$212,$C26,Rótulos!$H$5:$H$212,$D26,Rótulos!$I$5:$I$212,$E26,Rótulos!$F$5:$F$212,"B2C") -> 0 | I26: =SUMIFS(Rótulos!$G$5:$G$212,Rótulos!$A$5:$A$212,$A26,Rótulos!$B$5:$B$212,$B26,Rótulos!$C$5:$C$212,$C26,Rótulos!$H$5:$H$212,$D26,Rótulos!$I$5:$I$212,$E26,Rótulos!$F$5:$F$212,"B2B") -> 43 | J26: =H26+I26 -> 43
A27: Bamboo | B27: Fragrância Ultra Concentrada | C27: 1000 | D27: Vinil ou Bopp | E27: 28 x 10,5 cm | F27: Fragrância Ultra Concentrada | G27: B2B | H27: =SUMIFS(Rótulos!$G$5:$G$212,Rótulos!$A$5:$A$212,$A27,Rótulos!$B$5:$B$212,$B27,Rótulos!$C$5:$C$212,$C27,Rótulos!$H$5:$H$212,$D27,Rótulos!$I$5:$I$212,$E27,Rótulos!$F$5:$F$212,"B2C") -> 0 | I27: =SUMIFS(Rótulos!$G$5:$G$212,Rótulos!$A$5:$A$212,$A27,Rótulos!$B$5:$B$212,$B27,Rótulos!$C$5:$C$212,$C27,Rótulos!$H$5:$H$212,$D27,Rótulos!$I$5:$I$212,$E27,Rótulos!$F$5:$F$212,"B2B") -> 4 | J27: =H27+I27 -> 4
A28: Bamboo | B28: Perfume para Ambientes | C28: 250 | D28: Vinil ou Bopp | E28: 18 x 6,5 cm | F28: Perfume para Ambientes + Perfume de Ambientes – Refil PET | G28: B2B e B2C | H28: =SUMIFS(Rótulos!$G$5:$G$212,Rótulos!$A$5:$A$212,$A28,Rótulos!$B$5:$B$212,$B28,Rótulos!$C$5:$C$212,$C28,Rótulos!$H$5:$H$212,$D28,Rótulos!$I$5:$I$212,$E28,Rótulos!$F$5:$F$212,"B2C") -> 2 | I28: =SUMIFS(Rótulos!$G$5:$G$212,Rótulos!$A$5:$A$212,$A28,Rótulos!$B$5:$B$212,$B28,Rótulos!$C$5:$C$212,$C28,Rótulos!$H$5:$H$212,$D28,Rótulos!$I$5:$I$212,$E28,Rótulos!$F$5:$F$212,"B2B") -> 36 | J28: =H28+I28 -> 38
A29: Bamboo | B29: Aromatizador de Ambientes | C29: 15 | D29: Transparente | E29: 6,5 x 5 cm | F29: Mini Aromatizador | G29: B2C | H29: =SUMIFS(Rótulos!$G$5:$G$212,Rótulos!$A$5:$A$212,$A29,Rótulos!$B$5:$B$212,$B29,Rótulos!$C$5:$C$212,$C29,Rótulos!$H$5:$H$212,$D29,Rótulos!$I$5:$I$212,$E29,Rótulos!$F$5:$F$212,"B2C") -> 100 | I29: =SUMIFS(Rótulos!$G$5:$G$212,Rótulos!$A$5:$A$212,$A29,Rótulos!$B$5:$B$212,$B29,Rótulos!$C$5:$C$212,$C29,Rótulos!$H$5:$H$212,$D29,Rótulos!$I$5:$I$212,$E29,Rótulos!$F$5:$F$212,"B2B") -> 0 | J29: =H29+I29 -> 100
A30: Bamboo | B30: Aromatizador de Ambientes | C30: 500 | D30: Vinil ou Bopp | E30: 22 x 8 cm | F30: Aromatizador (Refil) | G30: B2C | H30: =SUMIFS(Rótulos!$G$5:$G$212,Rótulos!$A$5:$A$212,$A30,Rótulos!$B$5:$B$212,$B30,Rótulos!$C$5:$C$212,$C30,Rótulos!$H$5:$H$212,$D30,Rótulos!$I$5:$I$212,$E30,Rótulos!$F$5:$F$212,"B2C") -> 10 | I30: =SUMIFS(Rótulos!$G$5:$G$212,Rótulos!$A$5:$A$212,$A30,Rótulos!$B$5:$B$212,$B30,Rótulos!$C$5:$C$212,$C30,Rótulos!$H$5:$H$212,$D30,Rótulos!$I$5:$I$212,$E30,Rótulos!$F$5:$F$212,"B2B") -> 0 | J30: =H30+I30 -> 10
A31: Bamboo | B31: Fragrância Concentrada | C31: 15 | D31: Transparente | E31: 6,5 x 5 cm | F31: Fragrância Concentrada (Refil Equipamento) | G31: B2C | H31: =SUMIFS(Rótulos!$G$5:$G$212,Rótulos!$A$5:$A$212,$A31,Rótulos!$B$5:$B$212,$B31,Rótulos!$C$5:$C$212,$C31,Rótulos!$H$5:$H$212,$D31,Rótulos!$I$5:$I$212,$E31,Rótulos!$F$5:$F$212,"B2C") -> 100 | I31: =SUMIFS(Rótulos!$G$5:$G$212,Rótulos!$A$5:$A$212,$A31,Rótulos!$B$5:$B$212,$B31,Rótulos!$C$5:$C$212,$C31,Rótulos!$H$5:$H$212,$D31,Rótulos!$I$5:$I$212,$E31,Rótulos!$F$5:$F$212,"B2B") -> 0 | J31: =H31+I31 -> 100
A32: Bamboo | B32: Fragrância Concentrada | C32: 100 | D32: Vinil ou Bopp | E32: 13 x 5 cm | F32: Fragrância Concentrada (Refil Equipamento) | G32: B2C | H32: =SUMIFS(Rótulos!$G$5:$G$212,Rótulos!$A$5:$A$212,$A32,Rótulos!$B$5:$B$212,$B32,Rótulos!$C$5:$C$212,$C32,Rótulos!$H$5:$H$212,$D32,Rótulos!$I$5:$I$212,$E32,Rótulos!$F$5:$F$212,"B2C") -> 30 | I32: =SUMIFS(Rótulos!$G$5:$G$212,Rótulos!$A$5:$A$212,$A32,Rótulos!$B$5:$B$212,$B32,Rótulos!$C$5:$C$212,$C32,Rótulos!$H$5:$H$212,$D32,Rótulos!$I$5:$I$212,$E32,Rótulos!$F$5:$F$212,"B2B") -> 0 | J32: =H32+I32 -> 30
A33: Bamboo | B33: Perfume para Ambientes | C33: 250 | D33: Transparente | E33: 5 x 10 cm (frente e verso) | F33: Perfume de Ambientes – Kit Varetas + Perfume de Ambientes – Válvula Spray | G33: B2C | H33: =SUMIFS(Rótulos!$G$5:$G$212,Rótulos!$A$5:$A$212,$A33,Rótulos!$B$5:$B$212,$B33,Rótulos!$C$5:$C$212,$C33,Rótulos!$H$5:$H$212,$D33,Rótulos!$I$5:$I$212,$E33,Rótulos!$F$5:$F$212,"B2C") -> 16 | I33: =SUMIFS(Rótulos!$G$5:$G$212,Rótulos!$A$5:$A$212,$A33,Rótulos!$B$5:$B$212,$B33,Rótulos!$C$5:$C$212,$C33,Rótulos!$H$5:$H$212,$D33,Rótulos!$I$5:$I$212,$E33,Rótulos!$F$5:$F$212,"B2B") -> 0 | J33: =H33+I33 -> 16
A34: Bergamota | B34: Fragrância Ultra Concentrada | C34: 100 | D34: Vinil ou Bopp | E34: 13 x 5 cm | F34: Fragrância Ultra Concentrada | G34: B2B | H34: =SUMIFS(Rótulos!$G$5:$G$212,Rótulos!$A$5:$A$212,$A34,Rótulos!$B$5:$B$212,$B34,Rótulos!$C$5:$C$212,$C34,Rótulos!$H$5:$H$212,$D34,Rótulos!$I$5:$I$212,$E34,Rótulos!$F$5:$F$212,"B2C") -> 0 | I34: =SUMIFS(Rótulos!$G$5:$G$212,Rótulos!$A$5:$A$212,$A34,Rótulos!$B$5:$B$212,$B34,Rótulos!$C$5:$C$212,$C34,Rótulos!$H$5:$H$212,$D34,Rótulos!$I$5:$I$212,$E34,Rótulos!$F$5:$F$212,"B2B") -> 8 | J34: =H34+I34 -> 8
... A55: Citric Bath | B55: Fragrância Concentrada | C55: 1000 | D55: Vinil ou Bopp | E55: 28 x 10,5 cm | F55: Fragrância Concentrada | G55: B2B | H55: =SUMIFS(Rótulos!$G$5:$G$212,Rótulos!$A$5:$A$212,$A55,Rótulos!$B$5:$B$212,$B55,Rótulos!$C$5:$C$212,$C55,Rótulos!$H$5:$H$212,$D55,Rótulos!$I$5:$I$212,$E55,Rótulos!$F$5:$F$212,"B2C") -> 0 | I55: =SUMIFS(Rótulos!$G$5:$G$212,Rótulos!$A$5:$A$212,$A55,Rótulos!$B$5:$B$212,$B55,Rótulos!$C$5:$C$212,$C55,Rótulos!$H$5:$H$212,$D55,Rótulos!$I$5:$I$212,$E55,Rótulos!$F$5:$F$212,"B2B") -> 18 | J55: =H55+I55 -> 18
A56: Citric Bath | B56: Fragrância Concentrada | C56: 5000 | D56: Vinil ou Bopp | E56: A definir | F56: Fragrância Concentrada | G56: B2B | H56: =SUMIFS(Rótulos!$G$5:$G$212,Rótulos!$A$5:$A$212,$A56,Rótulos!$B$5:$B$212,$B56,Rótulos!$C$5:$C$212,$C56,Rótulos!$H$5:$H$212,$D56,Rótulos!$I$5:$I$212,"=",Rótulos!$F$5:$F$212,"B2C") -> 0 | I56: =SUMIFS(Rótulos!$G$5:$G$212,Rótulos!$A$5:$A$212,$A56,Rótulos!$B$5:$B$212,$B56,Rótulos!$C$5:$C$212,$C56,Rótulos!$H$5:$H$212,$D56,Rótulos!$I$5:$I$212,"=",Rótulos!$F$5:$F$212,"B2B") -> 8 | J56: =H56+I56 -> 8
A57: Citrus Flowers | B57: Fragrância Concentrada | C57: 400 | D57: Vinil ou Bopp | E57: 22 x 8 cm | F57: Fragrância Concentrada | G57: B2B | H57: =SUMIFS(Rótulos!$G$5:$G$212,Rótulos!$A$5:$A$212,$A57,Rótulos!$B$5:$B$212,$B57,Rótulos!$C$5:$C$212,$C57,Rótulos!$H$5:$H$212,$D57,Rótulos!$I$5:$I$212,$E57,Rótulos!$F$5:$F$212,"B2C") -> 0 | I57: =SUMIFS(Rótulos!$G$5:$G$212,Rótulos!$A$5:$A$212,$A57,Rótulos!$B$5:$B$212,$B57,Rótulos!$C$5:$C$212,$C57,Rótulos!$H$5:$H$212,$D57,Rótulos!$I$5:$I$212,$E57,Rótulos!$F$5:$F$212,"B2B") -> 24 | J57: =H57+I57 -> 24
A58: Citrus Flowers | B58: Fragrância Concentrada | C58: 1000 | D58: Vinil ou Bopp | E58: 28 x 10,5 cm | F58: Fragrância Concentrada | G58: B2B | H58: =SUMIFS(Rótulos!$G$5:$G$212,Rótulos!$A$5:$A$212,$A58,Rótulos!$B$5:$B$212,$B58,Rótulos!$C$5:$C$212,$C58,Rótulos!$H$5:$H$212,$D58,Rótulos!$I$5:$I$212,$E58,Rótulos!$F$5:$F$212,"B2C") -> 0 | I58: =SUMIFS(Rótulos!$G$5:$G$212,Rótulos!$A$5:$A$212,$A58,Rótulos!$B$5:$B$212,$B58,Rótulos!$C$5:$C$212,$C58,Rótulos!$H$5:$H$212,$D58,Rótulos!$I$5:$I$212,$E58,Rótulos!$F$5:$F$212,"B2B") -> 8 | J58: =H58+I58 -> 8
A59: Citrus Flowers | B59: Fragrância Ultra Concentrada | C59: 100 | D59: Vinil ou Bopp | E59: 13 x 5 cm | F59: Fragrância Ultra Concentrada | G59: B2B | H59: =SUMIFS(Rótulos!$G$5:$G$212,Rótulos!$A$5:$A$212,$A59,Rótulos!$B$5:$B$212,$B59,Rótulos!$C$5:$C$212,$C59,Rótulos!$H$5:$H$212,$D59,Rótulos!$I$5:$I$212,$E59,Rótulos!$F$5:$F$212,"B2C") -> 0 | I59: =SUMIFS(Rótulos!$G$5:$G$212,Rótulos!$A$5:$A$212,$A59,Rótulos!$B$5:$B$212,$B59,Rótulos!$C$5:$C$212,$C59,Rótulos!$H$5:$H$212,$D59,Rótulos!$I$5:$I$212,$E59,Rótulos!$F$5:$F$212,"B2B") -> 16 | J59: =H59+I59 -> 16
A60: Citrus Flowers | B60: Fragrância Ultra Concentrada | C60: 500 | D60: Vinil ou Bopp | E60: 22 x 8 cm | F60: Fragrância Ultra Concentrada | G60: B2B | H60: =SUMIFS(Rótulos!$G$5:$G$212,Rótulos!$A$5:$A$212,$A60,Rótulos!$B$5:$B$212,$B60,Rótulos!$C$5:$C$212,$C60,Rótulos!$H$5:$H$212,$D60,Rótulos!$I$5:$I$212,$E60,Rótulos!$F$5:$F$212,"B2C") -> 0 | I60: =SUMIFS(Rótulos!$G$5:$G$212,Rótulos!$A$5:$A$212,$A60,Rótulos!$B$5:$B$212,$B60,Rótulos!$C$5:$C$212,$C60,Rótulos!$H$5:$H$212,$D60,Rótulos!$I$5:$I$212,$E60,Rótulos!$F$5:$F$212,"B2B") -> 13 | J60: =H60+I60 -> 13
A61: Citrus Flowers | B61: Perfume para Ambientes | C61: 500 | D61: Vinil ou Bopp | E61: 22 x 8 cm | F61: Perfume para Ambientes | G61: B2B | H61: =SUMIFS(Rótulos!$G$5:$G$212,Rótulos!$A$5:$A$212,$A61,Rótulos!$B$5:$B$212,$B61,Rótulos!$C$5:$C$212,$C61,Rótulos!$H$5:$H$212,$D61,Rótulos!$I$5:$I$212,$E61,Rótulos!$F$5:$F$212,"B2C") -> 0 | I61: =SUMIFS(Rótulos!$G$5:$G$212,Rótulos!$A$5:$A$212,$A61,Rótulos!$B$5:$B$212,$B61,Rótulos!$C$5:$C$212,$C61,Rótulos!$H$5:$H$212,$D61,Rótulos!$I$5:$I$212,$E61,Rótulos!$F$5:$F$212,"B2B") -> 16 | J61: =H61+I61 -> 16
A62: Cookies & Coffee | B62: Fragrância Concentrada | C62: 400 | D62: Vinil ou Bopp | E62: 22 x 8 cm | F62: Fragrância Concentrada | G62: B2B | H62: =SUMIFS(Rótulos!$G$5:$G$212,Rótulos!$A$5:$A$212,$A62,Rótulos!$B$5:$B$212,$B62,Rótulos!$C$5:$C$212,$C62,Rótulos!$H$5:$H$212,$D62,Rótulos!$I$5:$I$212,$E62,Rótulos!$F$5:$F$212,"B2C") -> 0 | I62: =SUMIFS(Rótulos!$G$5:$G$212,Rótulos!$A$5:$A$212,$A62,Rótulos!$B$5:$B$212,$B62,Rótulos!$C$5:$C$212,$C62,Rótulos!$H$5:$H$212,$D62,Rótulos!$I$5:$I$212,$E62,Rótulos!$F$5:$F$212,"B2B") -> 18 | J62: =H62+I62 -> 18
A63: Delina | B63: Aromatizador de Ambientes | C63: 15 | D63: Transparente | E63: 6,5 x 5 cm | F63: Mini Aromatizador | G63: B2C | H63: =SUMIFS(Rótulos!$G$5:$G$212,Rótulos!$A$5:$A$212,$A63,Rótulos!$B$5:$B$212,$B63,Rótulos!$C$5:$C$212,$C63,Rótulos!$H$5:$H$212,$D63,Rótulos!$I$5:$I$212,$E63,Rótulos!$F$5:$F$212,"B2C") -> 200 | I63: =SUMIFS(Rótulos!$G$5:$G$212,Rótulos!$A$5:$A$212,$A63,Rótulos!$B$5:$B$212,$B63,Rótulos!$C$5:$C$212,$C63,Rótulos!$H$5:$H$212,$D63,Rótulos!$I$5:$I$212,$E63,Rótulos!$F$5:$F$212,"B2B") -> 0 | J63: =H63+I63 -> 200
A64: Delina | B64: Perfume para Ambientes | C64: 250 | D64: Transparente | E64: 5 x 10 cm (frente e verso) | F64: Perfume de Ambientes – Kit Varetas + Perfume de Ambientes – Válvula Spray | G64: B2C | H64: =SUMIFS(Rótulos!$G$5:$G$212,Rótulos!$A$5:$A$212,$A64,Rótulos!$B$5:$B$212,$B64,Rótulos!$C$5:$C$212,$C64,Rótulos!$H$5:$H$212,$D64,Rótulos!$I$5:$I$212,$E64,Rótulos!$F$5:$F$212,"B2C") -> 36 | I64: =SUMIFS(Rótulos!$G$5:$G$212,Rótulos!$A$5:$A$212,$A64,Rótulos!$B$5:$B$212,$B64,Rótulos!$C$5:$C$212,$C64,Rótulos!$H$5:$H$212,$D64,Rótulos!$I$5:$I$212,$E64,Rótulos!$F$5:$F$212,"B2B") -> 0 | J64: =H64+I64 -> 36
A65: Delina | B65: Perfume para Ambientes | C65: 250 | D65: Vinil ou Bopp | E65: 18 x 6,5 cm | F65: Perfume de Ambientes – Refil PET | G65: B2C | H65: =SUMIFS(Rótulos!$G$5:$G$212,Rótulos!$A$5:$A$212,$A65,Rótulos!$B$5:$B$212,$B65,Rótulos!$C$5:$C$212,$C65,Rótulos!$H$5:$H$212,$D65,Rótulos!$I$5:$I$212,$E65,Rótulos!$F$5:$F$212,"B2C") -> 12 | I65: =SUMIFS(Rótulos!$G$5:$G$212,Rótulos!$A$5:$A$212,$A65,Rótulos!$B$5:$B$212,$B65,Rótulos!$C$5:$C$212,$C65,Rótulos!$H$5:$H$212,$D65,Rótulos!$I$5:$I$212,$E65,Rótulos!$F$5:$F$212,"B2B") -> 0 | J65: =H65+I65 -> 12
A66: Doce Alecrim | B66: Fragrância Concentrada | C66: 400 | D66: Vinil ou Bopp | E66: 22 x 8 cm | F66: Fragrância Concentrada | G66: B2B | H66: =SUMIFS(Rótulos!$G$5:$G$212,Rótulos!$A$5:$A$212,$A66,Rótulos!$B$5:$B$212,$B66,Rótulos!$C$5:$C$212,$C66,Rótulos!$H$5:$H$212,$D66,Rótulos!$I$5:$I$212,$E66,Rótulos!$F$5:$F$212,"B2C") -> 0 | I66: =SUMIFS(Rótulos!$G$5:$G$212,Rótulos!$A$5:$A$212,$A66,Rótulos!$B$5:$B$212,$B66,Rótulos!$C$5:$C$212,$C66,Rótulos!$H$5:$H$212,$D66,Rótulos!$I$5:$I$212,$E66,Rótulos!$F$5:$F$212,"B2B") -> 31 | J66: =H66+I66 -> 31
A67: Doce Alecrim | B67: Fragrância Ultra Concentrada | C67: 100 | D67: Vinil ou Bopp | E67: 13 x 5 cm | F67: Fragrância Ultra Concentrada | G67: B2B | H67: =SUMIFS(Rótulos!$G$5:$G$212,Rótulos!$A$5:$A$212,$A67,Rótulos!$B$5:$B$212,$B67,Rótulos!$C$5:$C$212,$C67,Rótulos!$H$5:$H$212,$D67,Rótulos!$I$5:$I$212,$E67,Rótulos!$F$5:$F$212,"B2C") -> 0 | I67: =SUMIFS(Rótulos!$G$5:$G$212,Rótulos!$A$5:$A$212,$A67,Rótulos!$B$5:$B$212,$B67,Rótulos!$C$5:$C$212,$C67,Rótulos!$H$5:$H$212,$D67,Rótulos!$I$5:$I$212,$E67,Rótulos!$F$5:$F$212,"B2B") -> 3 | J67: =H67+I67 -> 3
A68: Doce Alecrim | B68: Fragrância Ultra Concentrada | C68: 500 | D68: Vinil ou Bopp | E68: 22 x 8 cm | F68: Fragrância Ultra Concentrada | G68: B2B | H68: =SUMIFS(Rótulos!$G$5:$G$212,Rótulos!$A$5:$A$212,$A68,Rótulos!$B$5:$B$212,$B68,Rótulos!$C$5:$C$212,$C68,Rótulos!$H$5:$H$212,$D68,Rótulos!$I$5:$I$212,$E68,Rótulos!$F$5:$F$212,"B2C") -> 0 | I68: =SUMIFS(Rótulos!$G$5:$G$212,Rótulos!$A$5:$A$212,$A68,Rótulos!$B$5:$B$212,$B68,Rótulos!$C$5:$C$212,$C68,Rótulos!$H$5:$H$212,$D68,Rótulos!$I$5:$I$212,$E68,Rótulos!$F$5:$F$212,"B2B") -> 128 | J68: =H68+I68 -> 128
... A82: Flor de Cerejeira | B82: Perfume para Ambientes | C82: 250 | D82: Vinil ou Bopp | E82: 18 x 6,5 cm | F82: Perfume de Ambientes – Refil PET | G82: B2C | H82: =SUMIFS(Rótulos!$G$5:$G$212,Rótulos!$A$5:$A$212,$A82,Rótulos!$B$5:$B$212,$B82,Rótulos!$C$5:$C$212,$C82,Rótulos!$H$5:$H$212,$D82,Rótulos!$I$5:$I$212,$E82,Rótulos!$F$5:$F$212,"B2C") -> 12 | I82: =SUMIFS(Rótulos!$G$5:$G$212,Rótulos!$A$5:$A$212,$A82,Rótulos!$B$5:$B$212,$B82,Rótulos!$C$5:$C$212,$C82,Rótulos!$H$5:$H$212,$D82,Rótulos!$I$5:$I$212,$E82,Rótulos!$F$5:$F$212,"B2B") -> 0 | J82: =H82+I82 -> 12
A83: Flor de Figo | B83: Fragrância Concentrada | C83: 160 | D83: Vinil ou Bopp | E83: A definir | F83: Fragrância Concentrada | G83: B2B | H83: =SUMIFS(Rótulos!$G$5:$G$212,Rótulos!$A$5:$A$212,$A83,Rótulos!$B$5:$B$212,$B83,Rótulos!$C$5:$C$212,$C83,Rótulos!$H$5:$H$212,$D83,Rótulos!$I$5:$I$212,"=",Rótulos!$F$5:$F$212,"B2C") -> 0 | I83: =SUMIFS(Rótulos!$G$5:$G$212,Rótulos!$A$5:$A$212,$A83,Rótulos!$B$5:$B$212,$B83,Rótulos!$C$5:$C$212,$C83,Rótulos!$H$5:$H$212,$D83,Rótulos!$I$5:$I$212,"=",Rótulos!$F$5:$F$212,"B2B") -> 3 | J83: =H83+I83 -> 3
A84: Flor de Figo | B84: Fragrância Concentrada | C84: 400 | D84: Vinil ou Bopp | E84: 22 x 8 cm | F84: Fragrância Concentrada | G84: B2B | H84: =SUMIFS(Rótulos!$G$5:$G$212,Rótulos!$A$5:$A$212,$A84,Rótulos!$B$5:$B$212,$B84,Rótulos!$C$5:$C$212,$C84,Rótulos!$H$5:$H$212,$D84,Rótulos!$I$5:$I$212,$E84,Rótulos!$F$5:$F$212,"B2C") -> 0 | I84: =SUMIFS(Rótulos!$G$5:$G$212,Rótulos!$A$5:$A$212,$A84,Rótulos!$B$5:$B$212,$B84,Rótulos!$C$5:$C$212,$C84,Rótulos!$H$5:$H$212,$D84,Rótulos!$I$5:$I$212,$E84,Rótulos!$F$5:$F$212,"B2B") -> 16 | J84: =H84+I84 -> 16
A85: Flor de Figo | B85: Fragrância Ultra Concentrada | C85: 100 | D85: Vinil ou Bopp | E85: 13 x 5 cm | F85: Fragrância Ultra Concentrada | G85: B2B | H85: =SUMIFS(Rótulos!$G$5:$G$212,Rótulos!$A$5:$A$212,$A85,Rótulos!$B$5:$B$212,$B85,Rótulos!$C$5:$C$212,$C85,Rótulos!$H$5:$H$212,$D85,Rótulos!$I$5:$I$212,$E85,Rótulos!$F$5:$F$212,"B2C") -> 0 | I85: =SUMIFS(Rótulos!$G$5:$G$212,Rótulos!$A$5:$A$212,$A85,Rótulos!$B$5:$B$212,$B85,Rótulos!$C$5:$C$212,$C85,Rótulos!$H$5:$H$212,$D85,Rótulos!$I$5:$I$212,$E85,Rótulos!$F$5:$F$212,"B2B") -> 10 | J85: =H85+I85 -> 10
A86: Flor de Figo | B86: Fragrância Ultra Concentrada | C86: 500 | D86: Vinil ou Bopp | E86: 22 x 8 cm | F86: Fragrância Ultra Concentrada | G86: B2B | H86: =SUMIFS(Rótulos!$G$5:$G$212,Rótulos!$A$5:$A$212,$A86,Rótulos!$B$5:$B$212,$B86,Rótulos!$C$5:$C$212,$C86,Rótulos!$H$5:$H$212,$D86,Rótulos!$I$5:$I$212,$E86,Rótulos!$F$5:$F$212,"B2C") -> 0 | I86: =SUMIFS(Rótulos!$G$5:$G$212,Rótulos!$A$5:$A$212,$A86,Rótulos!$B$5:$B$212,$B86,Rótulos!$C$5:$C$212,$C86,Rótulos!$H$5:$H$212,$D86,Rótulos!$I$5:$I$212,$E86,Rótulos!$F$5:$F$212,"B2B") -> 43 | J86: =H86+I86 -> 43
A87: Flor de Figo | B87: Perfume para Ambientes | C87: 150 | D87: Vinil ou Bopp | E87: 18 x 6,5 cm | F87: Perfume para Ambientes | G87: B2B | H87: =SUMIFS(Rótulos!$G$5:$G$212,Rótulos!$A$5:$A$212,$A87,Rótulos!$B$5:$B$212,$B87,Rótulos!$C$5:$C$212,$C87,Rótulos!$H$5:$H$212,$D87,Rótulos!$I$5:$I$212,$E87,Rótulos!$F$5:$F$212,"B2C") -> 0 | I87: =SUMIFS(Rótulos!$G$5:$G$212,Rótulos!$A$5:$A$212,$A87,Rótulos!$B$5:$B$212,$B87,Rótulos!$C$5:$C$212,$C87,Rótulos!$H$5:$H$212,$D87,Rótulos!$I$5:$I$212,$E87,Rótulos!$F$5:$F$212,"B2B") -> 4 | J87: =H87+I87 -> 4
A88: Flor de Madeira | B88: Fragrância Ultra Concentrada | C88: 500 | D88: Vinil ou Bopp | E88: 22 x 8 cm | F88: Fragrância Ultra Concentrada | G88: B2B | H88: =SUMIFS(Rótulos!$G$5:$G$212,Rótulos!$A$5:$A$212,$A88,Rótulos!$B$5:$B$212,$B88,Rótulos!$C$5:$C$212,$C88,Rótulos!$H$5:$H$212,$D88,Rótulos!$I$5:$I$212,$E88,Rótulos!$F$5:$F$212,"B2C") -> 0 | I88: =SUMIFS(Rótulos!$G$5:$G$212,Rótulos!$A$5:$A$212,$A88,Rótulos!$B$5:$B$212,$B88,Rótulos!$C$5:$C$212,$C88,Rótulos!$H$5:$H$212,$D88,Rótulos!$I$5:$I$212,$E88,Rótulos!$F$5:$F$212,"B2B") -> 36 | J88: =H88+I88 -> 36
A89: Floresta Fresca | B89: Aromatizador de Ambientes | C89: 150 | D89: Vinil ou Bopp | E89: 18 x 6,5 cm | F89: Aromatizador de Ambientes | G89: B2B | H89: =SUMIFS(Rótulos!$G$5:$G$212,Rótulos!$A$5:$A$212,$A89,Rótulos!$B$5:$B$212,$B89,Rótulos!$C$5:$C$212,$C89,Rótulos!$H$5:$H$212,$D89,Rótulos!$I$5:$I$212,$E89,Rótulos!$F$5:$F$212,"B2C") -> 0 | I89: =SUMIFS(Rótulos!$G$5:$G$212,Rótulos!$A$5:$A$212,$A89,Rótulos!$B$5:$B$212,$B89,Rótulos!$C$5:$C$212,$C89,Rótulos!$H$5:$H$212,$D89,Rótulos!$I$5:$I$212,$E89,Rótulos!$F$5:$F$212,"B2B") -> 25 | J89: =H89+I89 -> 25
A90: Floresta Fresca | B90: Aromatizador de Ambientes | C90: 250 | D90: Vinil ou Bopp | E90: 18 x 6,5 cm | F90: Aromatizador de Ambientes | G90: B2B | H90: =SUMIFS(Rótulos!$G$5:$G$212,Rótulos!$A$5:$A$212,$A90,Rótulos!$B$5:$B$212,$B90,Rótulos!$C$5:$C$212,$C90,Rótulos!$H$5:$H$212,$D90,Rótulos!$I$5:$I$212,$E90,Rótulos!$F$5:$F$212,"B2C") -> 0 | I90: =SUMIFS(Rótulos!$G$5:$G$212,Rótulos!$A$5:$A$212,$A90,Rótulos!$B$5:$B$212,$B90,Rótulos!$C$5:$C$212,$C90,Rótulos!$H$5:$H$212,$D90,Rótulos!$I$5:$I$212,$E90,Rótulos!$F$5:$F$212,"B2B") -> 90 | J90: =H90+I90 -> 90
A91: Floresta Fresca | B91: Fragrância Concentrada | C91: 160 | D91: Vinil ou Bopp | E91: A definir | F91: Fragrância Concentrada | G91: B2B | H91: =SUMIFS(Rótulos!$G$5:$G$212,Rótulos!$A$5:$A$212,$A91,Rótulos!$B$5:$B$212,$B91,Rótulos!$C$5:$C$212,$C91,Rótulos!$H$5:$H$212,$D91,Rótulos!$I$5:$I$212,"=",Rótulos!$F$5:$F$212,"B2C") -> 0 | I91: =SUMIFS(Rótulos!$G$5:$G$212,Rótulos!$A$5:$A$212,$A91,Rótulos!$B$5:$B$212,$B91,Rótulos!$C$5:$C$212,$C91,Rótulos!$H$5:$H$212,$D91,Rótulos!$I$5:$I$212,"=",Rótulos!$F$5:$F$212,"B2B") -> 7 | J91: =H91+I91 -> 7
A92: Floresta Fresca | B92: Fragrância Concentrada | C92: 400 | D92: Vinil ou Bopp | E92: 22 x 8 cm | F92: Fragrância Concentrada | G92: B2B | H92: =SUMIFS(Rótulos!$G$5:$G$212,Rótulos!$A$5:$A$212,$A92,Rótulos!$B$5:$B$212,$B92,Rótulos!$C$5:$C$212,$C92,Rótulos!$H$5:$H$212,$D92,Rótulos!$I$5:$I$212,$E92,Rótulos!$F$5:$F$212,"B2C") -> 0 | I92: =SUMIFS(Rótulos!$G$5:$G$212,Rótulos!$A$5:$A$212,$A92,Rótulos!$B$5:$B$212,$B92,Rótulos!$C$5:$C$212,$C92,Rótulos!$H$5:$H$212,$D92,Rótulos!$I$5:$I$212,$E92,Rótulos!$F$5:$F$212,"B2B") -> 13 | J92: =H92+I92 -> 13
A93: Floresta Fresca | B93: Fragrância Ultra Concentrada | C93: 100 | D93: Vinil ou Bopp | E93: 13 x 5 cm | F93: Fragrância Ultra Concentrada | G93: B2B | H93: =SUMIFS(Rótulos!$G$5:$G$212,Rótulos!$A$5:$A$212,$A93,Rótulos!$B$5:$B$212,$B93,Rótulos!$C$5:$C$212,$C93,Rótulos!$H$5:$H$212,$D93,Rótulos!$I$5:$I$212,$E93,Rótulos!$F$5:$F$212,"B2C") -> 0 | I93: =SUMIFS(Rótulos!$G$5:$G$212,Rótulos!$A$5:$A$212,$A93,Rótulos!$B$5:$B$212,$B93,Rótulos!$C$5:$C$212,$C93,Rótulos!$H$5:$H$212,$D93,Rótulos!$I$5:$I$212,$E93,Rótulos!$F$5:$F$212,"B2B") -> 10 | J93: =H93+I93 -> 10
A94: Herbal Fresh | B94: Fragrância Ultra Concentrada | C94: 100 | D94: Vinil ou Bopp | E94: 13 x 5 cm | F94: Fragrância Ultra Concentrada | G94: B2B | H94: =SUMIFS(Rótulos!$G$5:$G$212,Rótulos!$A$5:$A$212,$A94,Rótulos!$B$5:$B$212,$B94,Rótulos!$C$5:$C$212,$C94,Rótulos!$H$5:$H$212,$D94,Rótulos!$I$5:$I$212,$E94,Rótulos!$F$5:$F$212,"B2C") -> 0 | I94: =SUMIFS(Rótulos!$G$5:$G$212,Rótulos!$A$5:$A$212,$A94,Rótulos!$B$5:$B$212,$B94,Rótulos!$C$5:$C$212,$C94,Rótulos!$H$5:$H$212,$D94,Rótulos!$I$5:$I$212,$E94,Rótulos!$F$5:$F$212,"B2B") -> 649 | J94: =H94+I94 -> 649
A95: ID Care Plus | B95: Fragrância Concentrada | C95: 160 | D95: Vinil ou Bopp | E95: A definir | F95: Fragrância Concentrada | G95: B2B | H95: =SUMIFS(Rótulos!$G$5:$G$212,Rótulos!$A$5:$A$212,$A95,Rótulos!$B$5:$B$212,$B95,Rótulos!$C$5:$C$212,$C95,Rótulos!$H$5:$H$212,$D95,Rótulos!$I$5:$I$212,"=",Rótulos!$F$5:$F$212,"B2C") -> 0 | I95: =SUMIFS(Rótulos!$G$5:$G$212,Rótulos!$A$5:$A$212,$A95,Rótulos!$B$5:$B$212,$B95,Rótulos!$C$5:$C$212,$C95,Rótulos!$H$5:$H$212,$D95,Rótulos!$I$5:$I$212,"=",Rótulos!$F$5:$F$212,"B2B") -> 23 | J95: =H95+I95 -> 23
A96: ID Care Plus | B96: Fragrância Concentrada | C96: 400 | D96: Vinil ou Bopp | E96: 22 x 8 cm | F96: Fragrância Concentrada | G96: B2B | H96: =SUMIFS(Rótulos!$G$5:$G$212,Rótulos!$A$5:$A$212,$A96,Rótulos!$B$5:$B$212,$B96,Rótulos!$C$5:$C$212,$C96,Rótulos!$H$5:$H$212,$D96,Rótulos!$I$5:$I$212,$E96,Rótulos!$F$5:$F$212,"B2C") -> 0 | I96: =SUMIFS(Rótulos!$G$5:$G$212,Rótulos!$A$5:$A$212,$A96,Rótulos!$B$5:$B$212,$B96,Rótulos!$C$5:$C$212,$C96,Rótulos!$H$5:$H$212,$D96,Rótulos!$I$5:$I$212,$E96,Rótulos!$F$5:$F$212,"B2B") -> 57 | J96: =H96+I96 -> 57
A97: ID Care Plus | B97: Fragrância Ultra Concentrada | C97: 100 | D97: Vinil ou Bopp | E97: 13 x 5 cm | F97: Fragrância Ultra Concentrada | G97: B2B | H97: =SUMIFS(Rótulos!$G$5:$G$212,Rótulos!$A$5:$A$212,$A97,Rótulos!$B$5:$B$212,$B97,Rótulos!$C$5:$C$212,$C97,Rótulos!$H$5:$H$212,$D97,Rótulos!$I$5:$I$212,$E97,Rótulos!$F$5:$F$212,"B2C") -> 0 | I97: =SUMIFS(Rótulos!$G$5:$G$212,Rótulos!$A$5:$A$212,$A97,Rótulos!$B$5:$B$212,$B97,Rótulos!$C$5:$C$212,$C97,Rótulos!$H$5:$H$212,$D97,Rótulos!$I$5:$I$212,$E97,Rótulos!$F$5:$F$212,"B2B") -> 28 | J97: =H97+I97 -> 28
A98: ID Dubai | B98: Fragrância Concentrada | C98: 400 | D98: Vinil ou Bopp | E98: 22 x 8 cm | F98: Fragrância Concentrada | G98: B2B | H98: =SUMIFS(Rótulos!$G$5:$G$212,Rótulos!$A$5:$A$212,$A98,Rótulos!$B$5:$B$212,$B98,Rótulos!$C$5:$C$212,$C98,Rótulos!$H$5:$H$212,$D98,Rótulos!$I$5:$I$212,$E98,Rótulos!$F$5:$F$212,"B2C") -> 0 | I98: =SUMIFS(Rótulos!$G$5:$G$212,Rótulos!$A$5:$A$212,$A98,Rótulos!$B$5:$B$212,$B98,Rótulos!$C$5:$C$212,$C98,Rótulos!$H$5:$H$212,$D98,Rótulos!$I$5:$I$212,$E98,Rótulos!$F$5:$F$212,"B2B") -> 46 | J98: =H98+I98 -> 46
A99: ID Dubai | B99: Fragrância Ultra Concentrada | C99: 100 | D99: Vinil ou Bopp | E99: 13 x 5 cm | F99: Fragrância Ultra Concentrada | G99: B2B | H99: =SUMIFS(Rótulos!$G$5:$G$212,Rótulos!$A$5:$A$212,$A99,Rótulos!$B$5:$B$212,$B99,Rótulos!$C$5:$C$212,$C99,Rótulos!$H$5:$H$212,$D99,Rótulos!$I$5:$I$212,$E99,Rótulos!$F$5:$F$212,"B2C") -> 0 | I99: =SUMIFS(Rótulos!$G$5:$G$212,Rótulos!$A$5:$A$212,$A99,Rótulos!$B$5:$B$212,$B99,Rótulos!$C$5:$C$212,$C99,Rótulos!$H$5:$H$212,$D99,Rótulos!$I$5:$I$212,$E99,Rótulos!$F$5:$F$212,"B2B") -> 103 | J99: =H99+I99 -> 103
A100: ID Grand Mercure | B100: Fragrância Concentrada | C100: 400 | D100: Vinil ou Bopp | E100: 22 x 8 cm | F100: Fragrância Concentrada | G100: B2B | H100: =SUMIFS(Rótulos!$G$5:$G$212,Rótulos!$A$5:$A$212,$A100,Rótulos!$B$5:$B$212,$B100,Rótulos!$C$5:$C$212,$C100,Rótulos!$H$5:$H$212,$D100,Rótulos!$I$5:$I$212,$E100,Rótulos!$F$5:$F$212,"B2C") -> 0 | I100: =SUMIFS(Rótulos!$G$5:$G$212,Rótulos!$A$5:$A$212,$A100,Rótulos!$B$5:$B$212,$B100,Rótulos!$C$5:$C$212,$C100,Rótulos!$H$5:$H$212,$D100,Rótulos!$I$5:$I$212,$E100,Rótulos!$F$5:$F$212,"B2B") -> 68 | J100: =H100+I100 -> 68
A101: ID Grand Mercure | B101: Fragrância Concentrada | C101: 1000 | D101: Vinil ou Bopp | E101: 28 x 10,5 cm | F101: Fragrância Concentrada | G101: B2B | H101: =SUMIFS(Rótulos!$G$5:$G$212,Rótulos!$A$5:$A$212,$A101,Rótulos!$B$5:$B$212,$B101,Rótulos!$C$5:$C$212,$C101,Rótulos!$H$5:$H$212,$D101,Rótulos!$I$5:$I$212,$E101,Rótulos!$F$5:$F$212,"B2C") -> 0 | I101: =SUMIFS(Rótulos!$G$5:$G$212,Rótulos!$A$5:$A$212,$A101,Rótulos!$B$5:$B$212,$B101,Rótulos!$C$5:$C$212,$C101,Rótulos!$H$5:$H$212,$D101,Rótulos!$I$5:$I$212,$E101,Rótulos!$F$5:$F$212,"B2B") -> 18 | J101: =H101+I101 -> 18
A102: ID Grand Mercure | B102: Fragrância Ultra Concentrada | C102: 100 | D102: Vinil ou Bopp | E102: 13 x 5 cm | F102: Fragrância Ultra Concentrada | G102: B2B | H102: =SUMIFS(Rótulos!$G$5:$G$212,Rótulos!$A$5:$A$212,$A102,Rótulos!$B$5:$B$212,$B102,Rótulos!$C$5:$C$212,$C102,Rótulos!$H$5:$H$212,$D102,Rótulos!$I$5:$I$212,$E102,Rótulos!$F$5:$F$212,"B2C") -> 0 | I102: =SUMIFS(Rótulos!$G$5:$G$212,Rótulos!$A$5:$A$212,$A102,Rótulos!$B$5:$B$212,$B102,Rótulos!$C$5:$C$212,$C102,Rótulos!$H$5:$H$212,$D102,Rótulos!$I$5:$I$212,$E102,Rótulos!$F$5:$F$212,"B2B") -> 236 | J102: =H102+I102 -> 236
A103: ID Grand Mercure | B103: Fragrância Ultra Concentrada | C103: 500 | D103: Vinil ou Bopp | E103: 22 x 8 cm | F103: Fragrância Ultra Concentrada | G103: B2B | H103: =SUMIFS(Rótulos!$G$5:$G$212,Rótulos!$A$5:$A$212,$A103,Rótulos!$B$5:$B$212,$B103,Rótulos!$C$5:$C$212,$C103,Rótulos!$H$5:$H$212,$D103,Rótulos!$I$5:$I$212,$E103,Rótulos!$F$5:$F$212,"B2C") -> 0 | I103: =SUMIFS(Rótulos!$G$5:$G$212,Rótulos!$A$5:$A$212,$A103,Rótulos!$B$5:$B$212,$B103,Rótulos!$C$5:$C$212,$C103,Rótulos!$H$5:$H$212,$D103,Rótulos!$I$5:$I$212,$E103,Rótulos!$F$5:$F$212,"B2B") -> 2 | J103: =H103+I103 -> 2
A104: ID Grand Mercure | B104: Fragrância Ultra Concentrada | C104: 1000 | D104: Vinil ou Bopp | E104: 28 x 10,5 cm | F104: Fragrância Ultra Concentrada | G104: B2B | H104: =SUMIFS(Rótulos!$G$5:$G$212,Rótulos!$A$5:$A$212,$A104,Rótulos!$B$5:$B$212,$B104,Rótulos!$C$5:$C$212,$C104,Rótulos!$H$5:$H$212,$D104,Rótulos!$I$5:$I$212,$E104,Rótulos!$F$5:$F$212,"B2C") -> 0 | I104: =SUMIFS(Rótulos!$G$5:$G$212,Rótulos!$A$5:$A$212,$A104,Rótulos!$B$5:$B$212,$B104,Rótulos!$C$5:$C$212,$C104,Rótulos!$H$5:$H$212,$D104,Rótulos!$I$5:$I$212,$E104,Rótulos!$F$5:$F$212,"B2B") -> 18 | J104: =H104+I104 -> 18
A105: ID Ibis | B105: Fragrância Ultra Concentrada | C105: 500 | D105: Vinil ou Bopp | E105: 22 x 8 cm | F105: Fragrância Ultra Concentrada | G105: B2B | H105: =SUMIFS(Rótulos!$G$5:$G$212,Rótulos!$A$5:$A$212,$A105,Rótulos!$B$5:$B$212,$B105,Rótulos!$C$5:$C$212,$C105,Rótulos!$H$5:$H$212,$D105,Rótulos!$I$5:$I$212,$E105,Rótulos!$F$5:$F$212,"B2C") -> 0 | I105: =SUMIFS(Rótulos!$G$5:$G$212,Rótulos!$A$5:$A$212,$A105,Rótulos!$B$5:$B$212,$B105,Rótulos!$C$5:$C$212,$C105,Rótulos!$H$5:$H$212,$D105,Rótulos!$I$5:$I$212,$E105,Rótulos!$F$5:$F$212,"B2B") -> 18 | J105: =H105+I105 -> 18
A106: ID Mercure | B106: Fragrância Concentrada | C106: 400 | D106: Vinil ou Bopp | E106: 22 x 8 cm | F106: Fragrância Concentrada | G106: B2B | H106: =SUMIFS(Rótulos!$G$5:$G$212,Rótulos!$A$5:$A$212,$A106,Rótulos!$B$5:$B$212,$B106,Rótulos!$C$5:$C$212,$C106,Rótulos!$H$5:$H$212,$D106,Rótulos!$I$5:$I$212,$E106,Rótulos!$F$5:$F$212,"B2C") -> 0 | I106: =SUMIFS(Rótulos!$G$5:$G$212,Rótulos!$A$5:$A$212,$A106,Rótulos!$B$5:$B$212,$B106,Rótulos!$C$5:$C$212,$C106,Rótulos!$H$5:$H$212,$D106,Rótulos!$I$5:$I$212,$E106,Rótulos!$F$5:$F$212,"B2B") -> 6 | J106: =H106+I106 -> 6
A107: ID Mercure | B107: Fragrância Concentrada | C107: 1000 | D107: Vinil ou Bopp | E107: 28 x 10,5 cm | F107: Fragrância Concentrada | G107: B2B | H107: =SUMIFS(Rótulos!$G$5:$G$212,Rótulos!$A$5:$A$212,$A107,Rótulos!$B$5:$B$212,$B107,Rótulos!$C$5:$C$212,$C107,Rótulos!$H$5:$H$212,$D107,Rótulos!$I$5:$I$212,$E107,Rótulos!$F$5:$F$212,"B2C") -> 0 | I107: =SUMIFS(Rótulos!$G$5:$G$212,Rótulos!$A$5:$A$212,$A107,Rótulos!$B$5:$B$212,$B107,Rótulos!$C$5:$C$212,$C107,Rótulos!$H$5:$H$212,$D107,Rótulos!$I$5:$I$212,$E107,Rótulos!$F$5:$F$212,"B2B") -> 2 | J107: =H107+I107 -> 2
... A146: Nature Block | B146: Aromatizador de Ambientes | C146: 250 | D146: Vinil ou Bopp | E146: 18 x 6,5 cm | F146: Aromatizador de Ambientes | G146: B2B | H146: =SUMIFS(Rótulos!$G$5:$G$212,Rótulos!$A$5:$A$212,$A146,Rótulos!$B$5:$B$212,$B146,Rótulos!$C$5:$C$212,$C146,Rótulos!$H$5:$H$212,$D146,Rótulos!$I$5:$I$212,$E146,Rótulos!$F$5:$F$212,"B2C") -> 0 | I146: =SUMIFS(Rótulos!$G$5:$G$212,Rótulos!$A$5:$A$212,$A146,Rótulos!$B$5:$B$212,$B146,Rótulos!$C$5:$C$212,$C146,Rótulos!$H$5:$H$212,$D146,Rótulos!$I$5:$I$212,$E146,Rótulos!$F$5:$F$212,"B2B") -> 99 | J146: =H146+I146 -> 99
A147: Nature Block | B147: Fragrância Concentrada | C147: 160 | D147: Vinil ou Bopp | E147: A definir | F147: Fragrância Concentrada | G147: B2B | H147: =SUMIFS(Rótulos!$G$5:$G$212,Rótulos!$A$5:$A$212,$A147,Rótulos!$B$5:$B$212,$B147,Rótulos!$C$5:$C$212,$C147,Rótulos!$H$5:$H$212,$D147,Rótulos!$I$5:$I$212,"=",Rótulos!$F$5:$F$212,"B2C") -> 0 | I147: =SUMIFS(Rótulos!$G$5:$G$212,Rótulos!$A$5:$A$212,$A147,Rótulos!$B$5:$B$212,$B147,Rótulos!$C$5:$C$212,$C147,Rótulos!$H$5:$H$212,$D147,Rótulos!$I$5:$I$212,"=",Rótulos!$F$5:$F$212,"B2B") -> 9 | J147: =H147+I147 -> 9
A148: Nature Block | B148: Fragrância Concentrada | C148: 400 | D148: Vinil ou Bopp | E148: 22 x 8 cm | F148: Fragrância Concentrada | G148: B2B | H148: =SUMIFS(Rótulos!$G$5:$G$212,Rótulos!$A$5:$A$212,$A148,Rótulos!$B$5:$B$212,$B148,Rótulos!$C$5:$C$212,$C148,Rótulos!$H$5:$H$212,$D148,Rótulos!$I$5:$I$212,$E148,Rótulos!$F$5:$F$212,"B2C") -> 0 | I148: =SUMIFS(Rótulos!$G$5:$G$212,Rótulos!$A$5:$A$212,$A148,Rótulos!$B$5:$B$212,$B148,Rótulos!$C$5:$C$212,$C148,Rótulos!$H$5:$H$212,$D148,Rótulos!$I$5:$I$212,$E148,Rótulos!$F$5:$F$212,"B2B") -> 18 | J148: =H148+I148 -> 18
A149: Nature Block | B149: Fragrância Ultra Concentrada | C149: 100 | D149: Vinil ou Bopp | E149: 13 x 5 cm | F149: Fragrância Ultra Concentrada | G149: B2B | H149: =SUMIFS(Rótulos!$G$5:$G$212,Rótulos!$A$5:$A$212,$A149,Rótulos!$B$5:$B$212,$B149,Rótulos!$C$5:$C$212,$C149,Rótulos!$H$5:$H$212,$D149,Rótulos!$I$5:$I$212,$E149,Rótulos!$F$5:$F$212,"B2C") -> 0 | I149: =SUMIFS(Rótulos!$G$5:$G$212,Rótulos!$A$5:$A$212,$A149,Rótulos!$B$5:$B$212,$B149,Rótulos!$C$5:$C$212,$C149,Rótulos!$H$5:$H$212,$D149,Rótulos!$I$5:$I$212,$E149,Rótulos!$F$5:$F$212,"B2B") -> 14 | J149: =H149+I149 -> 14
A150: Nature Block | B150: Fragrância Ultra Concentrada | C150: 500 | D150: Vinil ou Bopp | E150: 22 x 8 cm | F150: Fragrância Ultra Concentrada | G150: B2B | H150: =SUMIFS(Rótulos!$G$5:$G$212,Rótulos!$A$5:$A$212,$A150,Rótulos!$B$5:$B$212,$B150,Rótulos!$C$5:$C$212,$C150,Rótulos!$H$5:$H$212,$D150,Rótulos!$I$5:$I$212,$E150,Rótulos!$F$5:$F$212,"B2C") -> 0 | I150: =SUMIFS(Rótulos!$G$5:$G$212,Rótulos!$A$5:$A$212,$A150,Rótulos!$B$5:$B$212,$B150,Rótulos!$C$5:$C$212,$C150,Rótulos!$H$5:$H$212,$D150,Rótulos!$I$5:$I$212,$E150,Rótulos!$F$5:$F$212,"B2B") -> 9 | J150: =H150+I150 -> 9
A151: NeutralizaOdor | B151: Perfume para Ambientes | C151: 100 | D151: Vinil ou Bopp | E151: 13 x 5 cm | F151: NeutralizaOdor (Gatilho) | G151: B2C | H151: =SUMIFS(Rótulos!$G$5:$G$212,Rótulos!$A$5:$A$212,$A151,Rótulos!$B$5:$B$212,$B151,Rótulos!$C$5:$C$212,$C151,Rótulos!$H$5:$H$212,$D151,Rótulos!$I$5:$I$212,$E151,Rótulos!$F$5:$F$212,"B2C") -> 150 | I151: =SUMIFS(Rótulos!$G$5:$G$212,Rótulos!$A$5:$A$212,$A151,Rótulos!$B$5:$B$212,$B151,Rótulos!$C$5:$C$212,$C151,Rótulos!$H$5:$H$212,$D151,Rótulos!$I$5:$I$212,$E151,Rótulos!$F$5:$F$212,"B2B") -> 0 | J151: =H151+I151 -> 150
A152: OSK | B152: Fragrância Ultra Concentrada | C152: 1000 | D152: Vinil ou Bopp | E152: 28 x 10,5 cm | F152: Fragrância Ultra Concentrada | G152: B2B | H152: =SUMIFS(Rótulos!$G$5:$G$212,Rótulos!$A$5:$A$212,$A152,Rótulos!$B$5:$B$212,$B152,Rótulos!$C$5:$C$212,$C152,Rótulos!$H$5:$H$212,$D152,Rótulos!$I$5:$I$212,$E152,Rótulos!$F$5:$F$212,"B2C") -> 0 | I152: =SUMIFS(Rótulos!$G$5:$G$212,Rótulos!$A$5:$A$212,$A152,Rótulos!$B$5:$B$212,$B152,Rótulos!$C$5:$C$212,$C152,Rótulos!$H$5:$H$212,$D152,Rótulos!$I$5:$I$212,$E152,Rótulos!$F$5:$F$212,"B2B") -> 9 | J152: =H152+I152 -> 9
A153: Pear &Fressia | B153: Aromatizador de Ambientes | C153: 15 | D153: Transparente | E153: 6,5 x 5 cm | F153: Mini Aromatizador | G153: B2C | H153: =SUMIFS(Rótulos!$G$5:$G$212,Rótulos!$A$5:$A$212,$A153,Rótulos!$B$5:$B$212,$B153,Rótulos!$C$5:$C$212,$C153,Rótulos!$H$5:$H$212,$D153,Rótulos!$I$5:$I$212,$E153,Rótulos!$F$5:$F$212,"B2C") -> 200 | I153: =SUMIFS(Rótulos!$G$5:$G$212,Rótulos!$A$5:$A$212,$A153,Rótulos!$B$5:$B$212,$B153,Rótulos!$C$5:$C$212,$C153,Rótulos!$H$5:$H$212,$D153,Rótulos!$I$5:$I$212,$E153,Rótulos!$F$5:$F$212,"B2B") -> 0 | J153: =H153+I153 -> 200
A154: Pear &Fressia | B154: Perfume para Ambientes | C154: 250 | D154: Transparente | E154: 5 x 10 cm (frente e verso) | F154: Perfume de Ambientes – Kit Varetas + Perfume de Ambientes – Válvula Spray | G154: B2C | H154: =SUMIFS(Rótulos!$G$5:$G$212,Rótulos!$A$5:$A$212,$A154,Rótulos!$B$5:$B$212,$B154,Rótulos!$C$5:$C$212,$C154,Rótulos!$H$5:$H$212,$D154,Rótulos!$I$5:$I$212,$E154,Rótulos!$F$5:$F$212,"B2C") -> 36 | I154: =SUMIFS(Rótulos!$G$5:$G$212,Rótulos!$A$5:$A$212,$A154,Rótulos!$B$5:$B$212,$B154,Rótulos!$C$5:$C$212,$C154,Rótulos!$H$5:$H$212,$D154,Rótulos!$I$5:$I$212,$E154,Rótulos!$F$5:$F$212,"B2B") -> 0 | J154: =H154+I154 -> 36
A155: Pear &Fressia | B155: Perfume para Ambientes | C155: 250 | D155: Vinil ou Bopp | E155: 18 x 6,5 cm | F155: Perfume de Ambientes – Refil PET | G155: B2C | H155: =SUMIFS(Rótulos!$G$5:$G$212,Rótulos!$A$5:$A$212,$A155,Rótulos!$B$5:$B$212,$B155,Rótulos!$C$5:$C$212,$C155,Rótulos!$H$5:$H$212,$D155,Rótulos!$I$5:$I$212,$E155,Rótulos!$F$5:$F$212,"B2C") -> 12 | I155: =SUMIFS(Rótulos!$G$5:$G$212,Rótulos!$A$5:$A$212,$A155,Rótulos!$B$5:$B$212,$B155,Rótulos!$C$5:$C$212,$C155,Rótulos!$H$5:$H$212,$D155,Rótulos!$I$5:$I$212,$E155,Rótulos!$F$5:$F$212,"B2B") -> 0 | J155: =H155+I155 -> 12
A156: Pimenta Rosa e Madeiras Nobres | B156: Fragrância Concentrada | C156: 1000 | D156: Vinil ou Bopp | E156: 28 x 10,5 cm | F156: Fragrância Concentrada | G156: B2B | H156: =SUMIFS(Rótulos!$G$5:$G$212,Rótulos!$A$5:$A$212,$A156,Rótulos!$B$5:$B$212,$B156,Rótulos!$C$5:$C$212,$C156,Rótulos!$H$5:$H$212,$D156,Rótulos!$I$5:$I$212,$E156,Rótulos!$F$5:$F$212,"B2C") -> 0 | I156: =SUMIFS(Rótulos!$G$5:$G$212,Rótulos!$A$5:$A$212,$A156,Rótulos!$B$5:$B$212,$B156,Rótulos!$C$5:$C$212,$C156,Rótulos!$H$5:$H$212,$D156,Rótulos!$I$5:$I$212,$E156,Rótulos!$F$5:$F$212,"B2B") -> 4 | J156: =H156+I156 -> 4
A157: Pomegranate | B157: Fragrância Concentrada | C157: 400 | D157: Vinil ou Bopp | E157: 22 x 8 cm | F157: Fragrância Concentrada | G157: B2B | H157: =SUMIFS(Rótulos!$G$5:$G$212,Rótulos!$A$5:$A$212,$A157,Rótulos!$B$5:$B$212,$B157,Rótulos!$C$5:$C$212,$C157,Rótulos!$H$5:$H$212,$D157,Rótulos!$I$5:$I$212,$E157,Rótulos!$F$5:$F$212,"B2C") -> 0 | I157: =SUMIFS(Rótulos!$G$5:$G$212,Rótulos!$A$5:$A$212,$A157,Rótulos!$B$5:$B$212,$B157,Rótulos!$C$5:$C$212,$C157,Rótulos!$H$5:$H$212,$D157,Rótulos!$I$5:$I$212,$E157,Rótulos!$F$5:$F$212,"B2B") -> 9 | J157: =H157+I157 -> 9
A158: Pomegranate | B158: Fragrância Ultra Concentrada | C158: 100 | D158: Vinil ou Bopp | E158: 13 x 5 cm | F158: Fragrância Ultra Concentrada | G158: B2B | H158: =SUMIFS(Rótulos!$G$5:$G$212,Rótulos!$A$5:$A$212,$A158,Rótulos!$B$5:$B$212,$B158,Rótulos!$C$5:$C$212,$C158,Rótulos!$H$5:$H$212,$D158,Rótulos!$I$5:$I$212,$E158,Rótulos!$F$5:$F$212,"B2C") -> 0 | I158: =SUMIFS(Rótulos!$G$5:$G$212,Rótulos!$A$5:$A$212,$A158,Rótulos!$B$5:$B$212,$B158,Rótulos!$C$5:$C$212,$C158,Rótulos!$H$5:$H$212,$D158,Rótulos!$I$5:$I$212,$E158,Rótulos!$F$5:$F$212,"B2B") -> 9 | J158: =H158+I158 -> 9
A159: Pomegranate | B159: Fragrância Ultra Concentrada | C159: 500 | D159: Vinil ou Bopp | E159: 22 x 8 cm | F159: Fragrância Ultra Concentrada | G159: B2B | H159: =SUMIFS(Rótulos!$G$5:$G$212,Rótulos!$A$5:$A$212,$A159,Rótulos!$B$5:$B$212,$B159,Rótulos!$C$5:$C$212,$C159,Rótulos!$H$5:$H$212,$D159,Rótulos!$I$5:$I$212,$E159,Rótulos!$F$5:$F$212,"B2C") -> 0 | I159: =SUMIFS(Rótulos!$G$5:$G$212,Rótulos!$A$5:$A$212,$A159,Rótulos!$B$5:$B$212,$B159,Rótulos!$C$5:$C$212,$C159,Rótulos!$H$5:$H$212,$D159,Rótulos!$I$5:$I$212,$E159,Rótulos!$F$5:$F$212,"B2B") -> 9 | J159: =H159+I159 -> 9
... A164: Siciliano | B164: Fragrância Ultra Concentrada | C164: 500 | D164: Vinil ou Bopp | E164: 22 x 8 cm | F164: Fragrância Ultra Concentrada | G164: B2B | H164: =SUMIFS(Rótulos!$G$5:$G$212,Rótulos!$A$5:$A$212,$A164,Rótulos!$B$5:$B$212,$B164,Rótulos!$C$5:$C$212,$C164,Rótulos!$H$5:$H$212,$D164,Rótulos!$I$5:$I$212,$E164,Rótulos!$F$5:$F$212,"B2C") -> 0 | I164: =SUMIFS(Rótulos!$G$5:$G$212,Rótulos!$A$5:$A$212,$A164,Rótulos!$B$5:$B$212,$B164,Rótulos!$C$5:$C$212,$C164,Rótulos!$H$5:$H$212,$D164,Rótulos!$I$5:$I$212,$E164,Rótulos!$F$5:$F$212,"B2B") -> 10 | J164: =H164+I164 -> 10
A165: Silver | B165: Fragrância Concentrada | C165: 200 | D165: Vinil ou Bopp | E165: A definir | F165: Fragrância Concentrada | G165: B2B | H165: =SUMIFS(Rótulos!$G$5:$G$212,Rótulos!$A$5:$A$212,$A165,Rótulos!$B$5:$B$212,$B165,Rótulos!$C$5:$C$212,$C165,Rótulos!$H$5:$H$212,$D165,Rótulos!$I$5:$I$212,"=",Rótulos!$F$5:$F$212,"B2C") -> 0 | I165: =SUMIFS(Rótulos!$G$5:$G$212,Rótulos!$A$5:$A$212,$A165,Rótulos!$B$5:$B$212,$B165,Rótulos!$C$5:$C$212,$C165,Rótulos!$H$5:$H$212,$D165,Rótulos!$I$5:$I$212,"=",Rótulos!$F$5:$F$212,"B2B") -> 2 | J165: =H165+I165 -> 2
A166: Silver | B166: Fragrância Concentrada | C166: 400 | D166: Vinil ou Bopp | E166: 22 x 8 cm | F166: Fragrância Concentrada | G166: B2B | H166: =SUMIFS(Rótulos!$G$5:$G$212,Rótulos!$A$5:$A$212,$A166,Rótulos!$B$5:$B$212,$B166,Rótulos!$C$5:$C$212,$C166,Rótulos!$H$5:$H$212,$D166,Rótulos!$I$5:$I$212,$E166,Rótulos!$F$5:$F$212,"B2C") -> 0 | I166: =SUMIFS(Rótulos!$G$5:$G$212,Rótulos!$A$5:$A$212,$A166,Rótulos!$B$5:$B$212,$B166,Rótulos!$C$5:$C$212,$C166,Rótulos!$H$5:$H$212,$D166,Rótulos!$I$5:$I$212,$E166,Rótulos!$F$5:$F$212,"B2B") -> 11 | J166: =H166+I166 -> 11
A167: Silver | B167: Fragrância Concentrada | C167: 1000 | D167: Vinil ou Bopp | E167: 28 x 10,5 cm | F167: Fragrância Concentrada | G167: B2B | H167: =SUMIFS(Rótulos!$G$5:$G$212,Rótulos!$A$5:$A$212,$A167,Rótulos!$B$5:$B$212,$B167,Rótulos!$C$5:$C$212,$C167,Rótulos!$H$5:$H$212,$D167,Rótulos!$I$5:$I$212,$E167,Rótulos!$F$5:$F$212,"B2C") -> 0 | I167: =SUMIFS(Rótulos!$G$5:$G$212,Rótulos!$A$5:$A$212,$A167,Rótulos!$B$5:$B$212,$B167,Rótulos!$C$5:$C$212,$C167,Rótulos!$H$5:$H$212,$D167,Rótulos!$I$5:$I$212,$E167,Rótulos!$F$5:$F$212,"B2B") -> 4 | J167: =H167+I167 -> 4
A168: Silver | B168: Fragrância Ultra Concentrada | C168: 100 | D168: Vinil ou Bopp | E168: 13 x 5 cm | F168: Fragrância Ultra Concentrada | G168: B2B | H168: =SUMIFS(Rótulos!$G$5:$G$212,Rótulos!$A$5:$A$212,$A168,Rótulos!$B$5:$B$212,$B168,Rótulos!$C$5:$C$212,$C168,Rótulos!$H$5:$H$212,$D168,Rótulos!$I$5:$I$212,$E168,Rótulos!$F$5:$F$212,"B2C") -> 0 | I168: =SUMIFS(Rótulos!$G$5:$G$212,Rótulos!$A$5:$A$212,$A168,Rótulos!$B$5:$B$212,$B168,Rótulos!$C$5:$C$212,$C168,Rótulos!$H$5:$H$212,$D168,Rótulos!$I$5:$I$212,$E168,Rótulos!$F$5:$F$212,"B2B") -> 4 | J168: =H168+I168 -> 4
A169: Silver | B169: Fragrância Ultra Concentrada | C169: 500 | D169: Vinil ou Bopp | E169: 22 x 8 cm | F169: Fragrância Ultra Concentrada | G169: B2B | H169: =SUMIFS(Rótulos!$G$5:$G$212,Rótulos!$A$5:$A$212,$A169,Rótulos!$B$5:$B$212,$B169,Rótulos!$C$5:$C$212,$C169,Rótulos!$H$5:$H$212,$D169,Rótulos!$I$5:$I$212,$E169,Rótulos!$F$5:$F$212,"B2C") -> 0 | I169: =SUMIFS(Rótulos!$G$5:$G$212,Rótulos!$A$5:$A$212,$A169,Rótulos!$B$5:$B$212,$B169,Rótulos!$C$5:$C$212,$C169,Rótulos!$H$5:$H$212,$D169,Rótulos!$I$5:$I$212,$E169,Rótulos!$F$5:$F$212,"B2B") -> 24 | J169: =H169+I169 -> 24
A170: Sweet | B170: Fragrância Concentrada | C170: 160 | D170: Vinil ou Bopp | E170: A definir | F170: Fragrância Concentrada | G170: B2B | H170: =SUMIFS(Rótulos!$G$5:$G$212,Rótulos!$A$5:$A$212,$A170,Rótulos!$B$5:$B$212,$B170,Rótulos!$C$5:$C$212,$C170,Rótulos!$H$5:$H$212,$D170,Rótulos!$I$5:$I$212,"=",Rótulos!$F$5:$F$212,"B2C") -> 0 | I170: =SUMIFS(Rótulos!$G$5:$G$212,Rótulos!$A$5:$A$212,$A170,Rótulos!$B$5:$B$212,$B170,Rótulos!$C$5:$C$212,$C170,Rótulos!$H$5:$H$212,$D170,Rótulos!$I$5:$I$212,"=",Rótulos!$F$5:$F$212,"B2B") -> 24 | J170: =H170+I170 -> 24
A171: Sweet | B171: Fragrância Concentrada | C171: 400 | D171: Vinil ou Bopp | E171: 22 x 8 cm | F171: Fragrância Concentrada | G171: B2B | H171: =SUMIFS(Rótulos!$G$5:$G$212,Rótulos!$A$5:$A$212,$A171,Rótulos!$B$5:$B$212,$B171,Rótulos!$C$5:$C$212,$C171,Rótulos!$H$5:$H$212,$D171,Rótulos!$I$5:$I$212,$E171,Rótulos!$F$5:$F$212,"B2C") -> 0 | I171: =SUMIFS(Rótulos!$G$5:$G$212,Rótulos!$A$5:$A$212,$A171,Rótulos!$B$5:$B$212,$B171,Rótulos!$C$5:$C$212,$C171,Rótulos!$H$5:$H$212,$D171,Rótulos!$I$5:$I$212,$E171,Rótulos!$F$5:$F$212,"B2B") -> 24 | J171: =H171+I171 -> 24
A172: Sweet | B172: Fragrância Concentrada | C172: 1000 | D172: Vinil ou Bopp | E172: 28 x 10,5 cm | F172: Fragrância Concentrada | G172: B2B | H172: =SUMIFS(Rótulos!$G$5:$G$212,Rótulos!$A$5:$A$212,$A172,Rótulos!$B$5:$B$212,$B172,Rótulos!$C$5:$C$212,$C172,Rótulos!$H$5:$H$212,$D172,Rótulos!$I$5:$I$212,$E172,Rótulos!$F$5:$F$212,"B2C") -> 0 | I172: =SUMIFS(Rótulos!$G$5:$G$212,Rótulos!$A$5:$A$212,$A172,Rótulos!$B$5:$B$212,$B172,Rótulos!$C$5:$C$212,$C172,Rótulos!$H$5:$H$212,$D172,Rótulos!$I$5:$I$212,$E172,Rótulos!$F$5:$F$212,"B2B") -> 20 | J172: =H172+I172 -> 20
A173: Sweet | B173: Fragrância Ultra Concentrada | C173: 100 | D173: Vinil ou Bopp | E173: 13 x 5 cm | F173: Fragrância Ultra Concentrada | G173: B2B | H173: =SUMIFS(Rótulos!$G$5:$G$212,Rótulos!$A$5:$A$212,$A173,Rótulos!$B$5:$B$212,$B173,Rótulos!$C$5:$C$212,$C173,Rótulos!$H$5:$H$212,$D173,Rótulos!$I$5:$I$212,$E173,Rótulos!$F$5:$F$212,"B2C") -> 0 | I173: =SUMIFS(Rótulos!$G$5:$G$212,Rótulos!$A$5:$A$212,$A173,Rótulos!$B$5:$B$212,$B173,Rótulos!$C$5:$C$212,$C173,Rótulos!$H$5:$H$212,$D173,Rótulos!$I$5:$I$212,$E173,Rótulos!$F$5:$F$212,"B2B") -> 12 | J173: =H173+I173 -> 12
A174: Sweet | B174: Fragrância Ultra Concentrada | C174: 500 | D174: Vinil ou Bopp | E174: 22 x 8 cm | F174: Fragrância Ultra Concentrada | G174: B2B | H174: =SUMIFS(Rótulos!$G$5:$G$212,Rótulos!$A$5:$A$212,$A174,Rótulos!$B$5:$B$212,$B174,Rótulos!$C$5:$C$212,$C174,Rótulos!$H$5:$H$212,$D174,Rótulos!$I$5:$I$212,$E174,Rótulos!$F$5:$F$212,"B2C") -> 0 | I174: =SUMIFS(Rótulos!$G$5:$G$212,Rótulos!$A$5:$A$212,$A174,Rótulos!$B$5:$B$212,$B174,Rótulos!$C$5:$C$212,$C174,Rótulos!$H$5:$H$212,$D174,Rótulos!$I$5:$I$212,$E174,Rótulos!$F$5:$F$212,"B2B") -> 40 | J174: =H174+I174 -> 40
A175: Tobacco | B175: Aromatizador de Ambientes | C175: 15 | D175: Transparente | E175: 6,5 x 5 cm | F175: Mini Aromatizador | G175: B2C | H175: =SUMIFS(Rótulos!$G$5:$G$212,Rótulos!$A$5:$A$212,$A175,Rótulos!$B$5:$B$212,$B175,Rótulos!$C$5:$C$212,$C175,Rótulos!$H$5:$H$212,$D175,Rótulos!$I$5:$I$212,$E175,Rótulos!$F$5:$F$212,"B2C") -> 200 | I175: =SUMIFS(Rótulos!$G$5:$G$212,Rótulos!$A$5:$A$212,$A175,Rótulos!$B$5:$B$212,$B175,Rótulos!$C$5:$C$212,$C175,Rótulos!$H$5:$H$212,$D175,Rótulos!$I$5:$I$212,$E175,Rótulos!$F$5:$F$212,"B2B") -> 0 | J175: =H175+I175 -> 200
A176: Tobacco | B176: Perfume para Ambientes | C176: 250 | D176: Transparente | E176: 5 x 10 cm (frente e verso) | F176: Perfume de Ambientes – Kit Varetas + Perfume de Ambientes – Válvula Spray | G176: B2C | H176: =SUMIFS(Rótulos!$G$5:$G$212,Rótulos!$A$5:$A$212,$A176,Rótulos!$B$5:$B$212,$B176,Rótulos!$C$5:$C$212,$C176,Rótulos!$H$5:$H$212,$D176,Rótulos!$I$5:$I$212,$E176,Rótulos!$F$5:$F$212,"B2C") -> 36 | I176: =SUMIFS(Rótulos!$G$5:$G$212,Rótulos!$A$5:$A$212,$A176,Rótulos!$B$5:$B$212,$B176,Rótulos!$C$5:$C$212,$C176,Rótulos!$H$5:$H$212,$D176,Rótulos!$I$5:$I$212,$E176,Rótulos!$F$5:$F$212,"B2B") -> 0 | J176: =H176+I176 -> 36
...

Sheet Resumo por Tipo
A1: Quantidade de rótulos por tipo, volume e tamanho
A2: Fórmulas sobre a aba Rótulos. Tamanho vazio = "A definir".
A4: Tipo de rótulo | B4: Volume (ml) | C4: Tamanho | D4: Nº linhas | E4: B2C | F4: B2B | G4: Total
A5: Transparente | B5: 15 | C5: 6,5 x 5 cm | D5: =COUNTIFS(Rótulos!$H$5:$H$212,$A5,Rótulos!$C$5:$C$212,$B5,Rótulos!$I$5:$I$212,$C5) -> 24 | E5: =SUMIFS(Rótulos!$G$5:$G$212,Rótulos!$H$5:$H$212,$A5,Rótulos!$C$5:$C$212,$B5,Rótulos!$I$5:$I$212,$C5,Rótulos!$F$5:$F$212,"B2C") -> 3400 | F5: =SUMIFS(Rótulos!$G$5:$G$212,Rótulos!$H$5:$H$212,$A5,Rótulos!$C$5:$C$212,$B5,Rótulos!$I$5:$I$212,$C5,Rótulos!$F$5:$F$212,"B2B") -> 0 | G5: =E5+F5 -> 3400
A6: Transparente | B6: 250 | C6: 5 x 10 cm (frente e verso) | D6: =COUNTIFS(Rótulos!$H$5:$H$212,$A6,Rótulos!$C$5:$C$212,$B6,Rótulos!$I$5:$I$212,$C6) -> 34 | E6: =SUMIFS(Rótulos!$G$5:$G$212,Rótulos!$H$5:$H$212,$A6,Rótulos!$C$5:$C$212,$B6,Rótulos!$I$5:$I$212,$C6,Rótulos!$F$5:$F$212,"B2C") -> 472 | F6: =SUMIFS(Rótulos!$G$5:$G$212,Rótulos!$H$5:$H$212,$A6,Rótulos!$C$5:$C$212,$B6,Rótulos!$I$5:$I$212,$C6,Rótulos!$F$5:$F$212,"B2B") -> 0 | G6: =E6+F6 -> 472
A7: Vinil ou Bopp | B7: 100 | C7: 13 x 5 cm | D7: =COUNTIFS(Rótulos!$H$5:$H$212,$A7,Rótulos!$C$5:$C$212,$B7,Rótulos!$I$5:$I$212,$C7) -> 31 | E7: =SUMIFS(Rótulos!$G$5:$G$212,Rótulos!$H$5:$H$212,$A7,Rótulos!$C$5:$C$212,$B7,Rótulos!$I$5:$I$212,$C7,Rótulos!$F$5:$F$212,"B2C") -> 360 | F7: =SUMIFS(Rótulos!$G$5:$G$212,Rótulos!$H$5:$H$212,$A7,Rótulos!$C$5:$C$212,$B7,Rótulos!$I$5:$I$212,$C7,Rótulos!$F$5:$F$212,"B2B") -> 1307 | G7: =E7+F7 -> 1667
A8: Vinil ou Bopp | B8: 150 | C8: 18 x 6,5 cm | D8: =COUNTIFS(Rótulos!$H$5:$H$212,$A8,Rótulos!$C$5:$C$212,$B8,Rótulos!$I$5:$I$212,$C8) -> 6 | E8: =SUMIFS(Rótulos!$G$5:$G$212,Rótulos!$H$5:$H$212,$A8,Rótulos!$C$5:$C$212,$B8,Rótulos!$I$5:$I$212,$C8,Rótulos!$F$5:$F$212,"B2C") -> 0 | F8: =SUMIFS(Rótulos!$G$5:$G$212,Rótulos!$H$5:$H$212,$A8,Rótulos!$C$5:$C$212,$B8,Rótulos!$I$5:$I$212,$C8,Rótulos!$F$5:$F$212,"B2B") -> 63 | G8: =E8+F8 -> 63
A9: Vinil ou Bopp | B9: 160 | C9: A definir | D9: =SUMPRODUCT((Rótulos!$I$5:$I$212="")*(Rótulos!$H$5:$H$212=$A9)*(Rótulos!$C$5:$C$212=$B9)) -> 6 | E9: =SUMIFS(Rótulos!$G$5:$G$212,Rótulos!$H$5:$H$212,$A9,Rótulos!$C$5:$C$212,$B9,Rótulos!$I$5:$I$212,"=",Rótulos!$F$5:$F$212,"B2C") -> 0 | F9: =SUMIFS(Rótulos!$G$5:$G$212,Rótulos!$H$5:$H$212,$A9,Rótulos!$C$5:$C$212,$B9,Rótulos!$I$5:$I$212,"=",Rótulos!$F$5:$F$212,"B2B") -> 95 | G9: =E9+F9 -> 95
A10: Vinil ou Bopp | B10: 200 | C10: A definir | D10: =SUMPRODUCT((Rótulos!$I$5:$I$212="")*(Rótulos!$H$5:$H$212=$A10)*(Rótulos!$C$5:$C$212=$B10)) -> 1 | E10: =SUMIFS(Rótulos!$G$5:$G$212,Rótulos!$H$5:$H$212,$A10,Rótulos!$C$5:$C$212,$B10,Rótulos!$I$5:$I$212,"=",Rótulos!$F$5:$F$212,"B2C") -> 0 | F10: =SUMIFS(Rótulos!$G$5:$G$212,Rótulos!$H$5:$H$212,$A10,Rótulos!$C$5:$C$212,$B10,Rótulos!$I$5:$I$212,"=",Rótulos!$F$5:$F$212,"B2B") -> 2 | G10: =E10+F10 -> 2
A11: Vinil ou Bopp | B11: 250 | C11: 18 x 6,5 cm | D11: =COUNTIFS(Rótulos!$H$5:$H$212,$A11,Rótulos!$C$5:$C$212,$B11,Rótulos!$I$5:$I$212,$C11) -> 24 | E11: =SUMIFS(Rótulos!$G$5:$G$212,Rótulos!$H$5:$H$212,$A11,Rótulos!$C$5:$C$212,$B11,Rótulos!$I$5:$I$212,$C11,Rótulos!$F$5:$F$212,"B2C") -> 134 | F11: =SUMIFS(Rótulos!$G$5:$G$212,Rótulos!$H$5:$H$212,$A11,Rótulos!$C$5:$C$212,$B11,Rótulos!$I$5:$I$212,$C11,Rótulos!$F$5:$F$212,"B2B") -> 534 | G11: =E11+F11 -> 668
A12: Vinil ou Bopp | B12: 400 | C12: 22 x 8 cm | D12: =COUNTIFS(Rótulos!$H$5:$H$212,$A12,Rótulos!$C$5:$C$212,$B12,Rótulos!$I$5:$I$212,$C12) -> 26 | E12: =SUMIFS(Rótulos!$G$5:$G$212,Rótulos!$H$5:$H$212,$A12,Rótulos!$C$5:$C$212,$B12,Rótulos!$I$5:$I$212,$C12,Rótulos!$F$5:$F$212,"B2C") -> 0 | F12: =SUMIFS(Rótulos!$G$5:$G$212,Rótulos!$H$5:$H$212,$A12,Rótulos!$C$5:$C$212,$B12,Rótulos!$I$5:$I$212,$C12,Rótulos!$F$5:$F$212,"B2B") -> 635 | G12: =E12+F12 -> 635
A13: Vinil ou Bopp | B13: 500 | C13: 22 x 8 cm | D13: =COUNTIFS(Rótulos!$H$5:$H$212,$A13,Rótulos!$C$5:$C$212,$B13,Rótulos!$I$5:$I$212,$C13) -> 35 | E13: =SUMIFS(Rótulos!$G$5:$G$212,Rótulos!$H$5:$H$212,$A13,Rótulos!$C$5:$C$212,$B13,Rótulos!$I$5:$I$212,$C13,Rótulos!$F$5:$F$212,"B2C") -> 70 | F13: =SUMIFS(Rótulos!$G$5:$G$212,Rótulos!$H$5:$H$212,$A13,Rótulos!$C$5:$C$212,$B13,Rótulos!$I$5:$I$212,$C13,Rótulos!$F$5:$F$212,"B2B") -> 1019 | G13: =E13+F13 -> 1089
A14: Vinil ou Bopp | B14: 1000 | C14: 28 x 10,5 cm | D14: =COUNTIFS(Rótulos!$H$5:$H$212,$A14,Rótulos!$C$5:$C$212,$B14,Rótulos!$I$5:$I$212,$C14) -> 18 | E14: =SUMIFS(Rótulos!$G$5:$G$212,Rótulos!$H$5:$H$212,$A14,Rótulos!$C$5:$C$212,$B14,Rótulos!$I$5:$I$212,$C14,Rótulos!$F$5:$F$212,"B2C") -> 0 | F14: =SUMIFS(Rótulos!$G$5:$G$212,Rótulos!$H$5:$H$212,$A14,Rótulos!$C$5:$C$212,$B14,Rótulos!$I$5:$I$212,$C14,Rótulos!$F$5:$F$212,"B2B") -> 197 | G14: =E14+F14 -> 197
A15: Vinil ou Bopp | B15: 5000 | C15: A definir | D15: =SUMPRODUCT((Rótulos!$I$5:$I$212="")*(Rótulos!$H$5:$H$212=$A15)*(Rótulos!$C$5:$C$212=$B15)) -> 3 | E15: =SUMIFS(Rótulos!$G$5:$G$212,Rótulos!$H$5:$H$212,$A15,Rótulos!$C$5:$C$212,$B15,Rótulos!$I$5:$I$212,"=",Rótulos!$F$5:$F$212,"B2C") -> 0 | F15: =SUMIFS(Rótulos!$G$5:$G$212,Rótulos!$H$5:$H$212,$A15,Rótulos!$C$5:$C$212,$B15,Rótulos!$I$5:$I$212,"=",Rótulos!$F$5:$F$212,"B2B") -> 44 | G15: =E15+F15 -> 44
A16: Total | D16: =SUM(D5:D15) -> 208 | E16: =SUM(E5:E15) -> 4436 | F16: =SUM(F5:F15) -> 3896 | G16: =SUM(G5:G15) -> 8332
A18: Por tamanho (todos os tipos)
A19: Tamanho | B19: Tipo de rótulo | C19: Nº linhas | D19: B2C | E19: B2B | F19: Total
A20: 13 x 5 cm | B20: Vinil ou Bopp | C20: =COUNTIFS(Rótulos!$I$5:$I$212,$A20,Rótulos!$H$5:$H$212,$B20) -> 31 | D20: =SUMIFS(Rótulos!$G$5:$G$212,Rótulos!$I$5:$I$212,$A20,Rótulos!$H$5:$H$212,$B20,Rótulos!$F$5:$F$212,"B2C") -> 360 | E20: =SUMIFS(Rótulos!$G$5:$G$212,Rótulos!$I$5:$I$212,$A20,Rótulos!$H$5:$H$212,$B20,Rótulos!$F$5:$F$212,"B2B") -> 1307 | F20: =D20+E20 -> 1667
A21: 18 x 6,5 cm | B21: Vinil ou Bopp | C21: =COUNTIFS(Rótulos!$I$5:$I$212,$A21,Rótulos!$H$5:$H$212,$B21) -> 30 | D21: =SUMIFS(Rótulos!$G$5:$G$212,Rótulos!$I$5:$I$212,$A21,Rótulos!$H$5:$H$212,$B21,Rótulos!$F$5:$F$212,"B2C") -> 134 | E21: =SUMIFS(Rótulos!$G$5:$G$212,Rótulos!$I$5:$I$212,$A21,Rótulos!$H$5:$H$212,$B21,Rótulos!$F$5:$F$212,"B2B") -> 597 | F21: =D21+E21 -> 731
A22: 22 x 8 cm | B22: Vinil ou Bopp | C22: =COUNTIFS(Rótulos!$I$5:$I$212,$A22,Rótulos!$H$5:$H$212,$B22) -> 61 | D22: =SUMIFS(Rótulos!$G$5:$G$212,Rótulos!$I$5:$I$212,$A22,Rótulos!$H$5:$H$212,$B22,Rótulos!$F$5:$F$212,"B2C") -> 70 | E22: =SUMIFS(Rótulos!$G$5:$G$212,Rótulos!$I$5:$I$212,$A22,Rótulos!$H$5:$H$212,$B22,Rótulos!$F$5:$F$212,"B2B") -> 1654 | F22: =D22+E22 -> 1724
A23: 28 x 10,5 cm | B23: Vinil ou Bopp | C23: =COUNTIFS(Rótulos!$I$5:$I$212,$A23,Rótulos!$H$5:$H$212,$B23) -> 18 | D23: =SUMIFS(Rótulos!$G$5:$G$212,Rótulos!$I$5:$I$212,$A23,Rótulos!$H$5:$H$212,$B23,Rótulos!$F$5:$F$212,"B2C") -> 0 | E23: =SUMIFS(Rótulos!$G$5:$G$212,Rótulos!$I$5:$I$212,$A23,Rótulos!$H$5:$H$212,$B23,Rótulos!$F$5:$F$212,"B2B") -> 197 | F23: =D23+E23 -> 197
A24: 5 x 10 cm (frente e verso) | B24: Transparente | C24: =COUNTIFS(Rótulos!$I$5:$I$212,$A24,Rótulos!$H$5:$H$212,$B24) -> 34 | D24: =SUMIFS(Rótulos!$G$5:$G$212,Rótulos!$I$5:$I$212,$A24,Rótulos!$H$5:$H$212,$B24,Rótulos!$F$5:$F$212,"B2C") -> 472 | E24: =SUMIFS(Rótulos!$G$5:$G$212,Rótulos!$I$5:$I$212,$A24,Rótulos!$H$5:$H$212,$B24,Rótulos!$F$5:$F$212,"B2B") -> 0 | F24: =D24+E24 -> 472
A25: 6,5 x 5 cm | B25: Transparente | C25: =COUNTIFS(Rótulos!$I$5:$I$212,$A25,Rótulos!$H$5:$H$212,$B25) -> 24 | D25: =SUMIFS(Rótulos!$G$5:$G$212,Rótulos!$I$5:$I$212,$A25,Rótulos!$H$5:$H$212,$B25,Rótulos!$F$5:$F$212,"B2C") -> 3400 | E25: =SUMIFS(Rótulos!$G$5:$G$212,Rótulos!$I$5:$I$212,$A25,Rótulos!$H$5:$H$212,$B25,Rótulos!$F$5:$F$212,"B2B") -> 0 | F25: =D25+E25 -> 3400
A26: A definir | B26: Vinil ou Bopp | C26: =SUMPRODUCT((Rótulos!$I$5:$I$212="")*(Rótulos!$H$5:$H$212=$B26)) -> 10 | D26: =SUMIFS(Rótulos!$G$5:$G$212,Rótulos!$I$5:$I$212,"=",Rótulos!$H$5:$H$212,$B26,Rótulos!$F$5:$F$212,"B2C") -> 0 | E26: =SUMIFS(Rótulos!$G$5:$G$212,Rótulos!$I$5:$I$212,"=",Rótulos!$H$5:$H$212,$B26,Rótulos!$F$5:$F$212,"B2B") -> 141 | F26: =D26+E26 -> 141
A27: Total | C27: =SUM(C20:C26) -> 208 | D27: =SUM(D20:D26) -> 4436 | E27: =SUM(E20:E26) -> 3896 | F27: =SUM(F20:F26) -> 8332

Sheet B2B Antes x Depois
A1: B2B – quantidade anterior (Controle de Rótulos) × nova (relatório de remessas)
A2: Anterior = aba B2B - Volumes; nova = soma da coluna Qtd do relatório smartjvg.
A4: Fragrância | B4: Concentração | C4: Volume (ml) | D4: Qtd. anterior | E4: Qtd. nova | F4: Diferença
A5: Alecrim | B5: Fragrância Concentrada | C5: 160 | D5: 0 | E5: 29 | F5: =E5-D5 -> 29
A6: Alecrim | B6: Fragrância Concentrada | C6: 400 | D6: 0 | E6: 55 | F6: =E6-D6 -> 55
A7: Alecrim | B7: Fragrância Concentrada | C7: 1000 | D7: 0 | E7: 21 | F7: =E7-D7 -> 21
A8: Alecrim | B8: Fragrância Concentrada | C8: 5000 | D8: 0 | E8: 28 | F8: =E8-D8 -> 28
A9: Alecrim | B9: Fragrância Ultra Concentrada | C9: 100 | D9: 0 | E9: 19 | F9: =E9-D9 -> 19
A10: Alecrim | B10: Fragrância Ultra Concentrada | C10: 500 | D10: 0 | E10: 76 | F10: =E10-D10 -> 76
A11: Alecrim Sence | B11: Fragrância Concentrada | C11: 400 | D11: 0 | E11: 4 | F11: =E11-D11 -> 4
A12: Alecrim Sence | B12: Fragrância Concentrada | C12: 1000 | D12: 0 | E12: 15 | F12: =E12-D12 -> 15
A13: Alecrim Sence | B13: Fragrância Concentrada | C13: 5000 | D13: 0 | E13: 8 | F13: =E13-D13 -> 8
A14: Bamboo | B14: Fragrância Concentrada | C14: 400 | D14: 1 | E14: 14 | F14: =E14-D14 -> 13
A15: Bamboo | B15: Fragrância Concentrada | C15: 1000 | D15: 1 | E15: 6 | F15: =E15-D15 -> 5
A16: Bamboo | B16: Fragrância Ultra Concentrada | C16: 100 | D16: 4 | E16: 37 | F16: =E16-D16 -> 33
... A129: Verveine de Provence | B129: Fragrância Ultra Concentrada | C129: 100 | D129: 0 | E129: 48 | F129: =E129-D129 -> 48
A130: Total | D130: =SUM(D5:D129) -> 206 | E130: =SUM(E5:E129) -> 3896 | F130: =SUM(F5:F129) -> 3690
